,created_at,id,id_str,text,truncated,entities,metadata,source,in_reply_to_status_id,in_reply_to_status_id_str,in_reply_to_user_id,in_reply_to_user_id_str,in_reply_to_screen_name,user,geo,coordinates,place,contributors,is_quote_status,retweet_count,favorite_count,favorited,retweeted,possibly_sensitive,lang,quoted_status_id,quoted_status_id_str,quoted_status,extended_entities
0,Tue Aug 03 11:48:25 +0000 2021,1422524755530424341,1422524755530424341,é¦–éƒ½åœã§ã®ã‚³ãƒ­ãƒŠç™‚é¤Šâ€¦å³¶æ ¹çœŒæ°‘è¿‘è¦ªè€…ã®å¸°çœã‚’æ”¯æ´ã¸ã€€å³¶æ ¹çœŒçŸ¥äº‹ã€ŒåŒ»ç™‚å´©å£Šã¨ç†è§£ã™ã‚‹ã®ãŒè‡ªç„¶ã€ã€€https://t.co/B1xXNN87w1ã€€å¯¾è±¡ã«ãªã‚‹ã®ã¯ã€æ±äº¬éƒ½ã¾ãŸã¯åŸ¼ç‰ãƒ»åƒè‘‰ãƒ»ç¥å¥ˆå·ã®ï¼“çœŒã«å±…ä½ã—ã€æ…¢æ€§ã®å‘¼å¸å™¨ã‚„å¿ƒè‡“ã®ç—…æ°—ãªâ€¦ https://t.co/eHigo6OELl,True,"{'hashtags': [], 'symbols': [], 'user_mentions': [], 'urls': [{'url': 'https://t.co/B1xXNN87w1', 'expanded_url': 'http://ow.ly/FhSJ30rPQhb', 'display_url': 'ow.ly/FhSJ30rPQhb', 'indices': [47, 70]}, {'url': 'https://t.co/eHigo6OELl', 'expanded_url': 'https://twitter.com/i/web/status/1422524755530424341', 'display_url': 'twitter.com/i/web/status/1â€¦', 'indices': [117, 140]}]}","{'iso_language_code': 'ja', 'result_type': 'recent'}","<a href=""https://www.hootsuite.com"" rel=""nofollow"">Hootsuite Inc.</a>",,,,,,"{'id': 35473151, 'id_str': '35473151', 'name': 'Stakesh', 'screen_name': 'Stakesh', 'location': '', 'description': 'æ±äº¬å¤§å­¦å·¥å­¦ç³»å¤§å­¦é™¢ä¿®å£«èª²ç¨‹çµ‚äº†å¾Œã€ç”£æ¥­ç•Œã€å®˜åºã€å¤§å­¦ã‚’çµŒã¦ã€ç”£å­¦å®˜ã®æŒã¦ã‚‹åŠ›ã‚’èåˆã™ã‚‹ã€Œç”£å­¦å®˜ãƒ—ãƒ­ãƒ‡ãƒ¥ãƒ¼ã‚µãƒ¼ã€ã‚’å®Ÿè·µã€‚ æ±äº¬å·¥æ¥­å¤§å­¦MOTï¼ˆæŠ€è¡“çµŒå–¶ï¼‰æ±å¤§Wimbledonãƒ†ãƒ‹ã‚¹ã‚¯ãƒ©ãƒ–å‰µè¨­ãƒ¡ãƒ³ãƒãƒ¼', 'url': 'http://t.co/xJiIt3pOSy', 'entities': {'url': {'urls': [{'url': 'http://t.co/xJiIt3pOSy', 'expanded_url': 'http://blog.livedoor.jp/stakeid/', 'display_url': 'blog.livedoor.jp/stakeid/', 'indices': [0, 22]}]}, 'description': {'urls': []}}, 'protected': False, 'followers_count': 3414, 'friends_count': 507, 'listed_count': 212, 'created_at': 'Sun Apr 26 14:20:34 +0000 2009', 'favourites_count': 12400, 'utc_offset': None, 'time_zone': None, 'geo_enabled': False, 'verified': False, 'statuses_count': 100726, 'lang': None, 'contributors_enabled': False, 'is_translator': False, 'is_translation_enabled': False, 'profile_background_color': 'C0DEED', 'profile_background_image_url': 'http://abs.twimg.com/images/themes/theme1/bg.png', 'profile_background_image_url_https': 'https://abs.twimg.com/images/themes/theme1/bg.png', 'profile_background_tile': False, 'profile_image_url': 'http://pbs.twimg.com/profile_images/1305574942/IMG_0036_normal.JPG', 'profile_image_url_https': 'https://pbs.twimg.com/profile_images/1305574942/IMG_0036_normal.JPG', 'profile_link_color': '1DA1F2', 'profile_sidebar_border_color': 'C0DEED', 'profile_sidebar_fill_color': 'DDEEF6', 'profile_text_color': '333333', 'profile_use_background_image': True, 'has_extended_profile': False, 'default_profile': True, 'default_profile_image': False, 'following': False, 'follow_request_sent': False, 'notifications': False, 'translator_type': 'none', 'withheld_in_countries': []}",,,,,False,0,0,False,False,False,ja,,,,
1,Tue Aug 03 11:48:22 +0000 2021,1422524740711849990,1422524740711849990,"#æ†²æ³•ä¾¿ã‚Šï¼ƒï¼•ï¼“ï¼–ï¼—ï¼šæ—¥æœ¬å…±ç”£å°æ± æ™ƒæ›¸è¨˜å±€é•·ãŒï¼’æ—¥å›½ä¼šå†…ã§è¨˜è€…ä¼šè¦‹ã—ã€äº”è¼ªã®ä¸­æ­¢ã¨ã¨ã‚‚ã«ã€æ¤œæŸ»ã®æŠœæœ¬çš„æ‹¡å¤§ã®å¿…è¦æ€§ã‚’å¼·èª¿ï¼æ±äº¬ã§ã¯åŒ»ç™‚å´©å£Šã®å±æ©Ÿã«ç›´é¢ã—ã¦ã„ã‚‹ã¨æŒ‡æ‘˜ï¼
ï¼˜æœˆï¼“æ—¥ï¼ˆç«ï¼‰ä»˜ã€ã—ã‚“ã¶ã‚“èµ¤æ——ã€æ—¥åˆŠç´™ç¬¬ï¼‘é¢ã‚’å¼•ç”¨ã€‚
ãƒ¯ã‚¯ãƒãƒ³â€¦ https://t.co/rY0FBeFjKO",True,"{'hashtags': [], 'symbols': [], 'user_mentions': [], 'urls': [{'url': 'https://t.co/rY0FBeFjKO', 'expanded_url': 'https://twitter.com/i/web/status/1422524740711849990', 'display_url': 'twitter.com/i/web/status/1â€¦', 'indices': [117, 140]}]}","{'iso_language_code': 'ja', 'result_type': 'recent'}","<a href=""https://mobile.twitter.com"" rel=""nofollow"">Twitter Web App</a>",,,,,,"{'id': 1398299101, 'id_str': '1398299101', 'name': 'æ†²æ³•ç ”ç©¶è€…ãƒ»å²©ç”°è¡Œé›„ã®ã€æ†²æ³•ä¾¿ã‚Šã€', 'screen_name': 'yukio_iwata', 'location': '', 'description': 'è¡Œå‹•ã™ã‚‹ç ”ç©¶è€…ã€‚å¹³å’Œæ†²æ³•ã‚’å®ˆã‚‹ãŸã‚å›½ä¼šå›³æ›¸é¤¨ã€å›½ç«‹å…¬æ–‡æ›¸é¤¨ã€çœŒç«‹å›³æ›¸é¤¨ç­‰ã§èª¿æŸ»ã—ã€ä¸–è«–ã¨æ–°èå ±é“ãŒå¹³å’Œæ†²æ³•ã‚’èª•ç”Ÿã•ã›ãŸï¼â€•æŠ¼ã—ä»˜ã‘æ†²æ³•è«–ã¸ã®ã€æˆ¦å¾Œã®6ï¼‘ç´™ç­‰ã«åŸºã¥ãå®Ÿè¨¼çš„åè«–ã€ã‚’åˆŠè¡Œã€‚è„±åŸç™ºã€è¾ºé‡å¤æ–°åŸºåœ°å»ºè¨­åå¯¾ã€åTPPã€å®‰å€å†…é–£æ‰“å€’ï¼é‡å…šå…±é—˜æ”¯æŒï¼', 'url': 'https://t.co/XZvsxnsp3M', 'entities': {'url': {'urls': [{'url': 'https://t.co/XZvsxnsp3M', 'expanded_url': 'http://kenpouq.exblog.jp', 'display_url': 'kenpouq.exblog.jp', 'indices': [0, 23]}]}, 'description': {'urls': []}}, 'protected': False, 'followers_count': 3272, 'friends_count': 3963, 'listed_count': 27, 'created_at': 'Thu May 02 21:58:19 +0000 2013', 'favourites_count': 29, 'utc_offset': None, 'time_zone': None, 'geo_enabled': False, 'verified': False, 'statuses_count': 17872, 'lang': None, 'contributors_enabled': False, 'is_translator': False, 'is_translation_enabled': False, 'profile_background_color': 'C0DEED', 'profile_background_image_url': 'http://abs.twimg.com/images/themes/theme1/bg.png', 'profile_background_image_url_https': 'https://abs.twimg.com/images/themes/theme1/bg.png', 'profile_background_tile': False, 'profile_image_url': 'http://pbs.twimg.com/profile_images/3604910502/fc5458dd69fdf7b3fdd038566bab219c_normal.jpeg', 'profile_image_url_https': 'https://pbs.twimg.com/profile_images/3604910502/fc5458dd69fdf7b3fdd038566bab219c_normal.jpeg', 'profile_link_color': '1DA1F2', 'profile_sidebar_border_color': 'C0DEED', 'profile_sidebar_fill_color': 'DDEEF6', 'profile_text_color': '333333', 'profile_use_background_image': True, 'has_extended_profile': False, 'default_profile': True, 'default_profile_image': False, 'following': False, 'follow_request_sent': False, 'notifications': False, 'translator_type': 'none', 'withheld_in_countries': []}",,,,,False,0,0,False,False,,ja,,,,
2,Tue Aug 03 11:48:20 +0000 2021,1422524733367619589,1422524733367619589,åŒ»ç™‚å´©å£ŠãŒãƒ‰ã‚¢ãƒãƒƒã‚¯ã—ãŸã¨æ€ã£ãŸã‚‰ãƒªãƒ“ãƒ³ã‚°ã«åº§ã£ã¦ãŸæ„Ÿ,False,"{'hashtags': [], 'symbols': [], 'user_mentions': [], 'urls': []}","{'iso_language_code': 'ja', 'result_type': 'recent'}","<a href=""http://twitter.com/download/iphone"" rel=""nofollow"">Twitter for iPhone</a>",,,,,,"{'id': 1055712639421018113, 'id_str': '1055712639421018113', 'name': 'è±†ç”°', 'screen_name': 'ma10tta', 'location': '', 'description': 'ãƒã‚±ãƒ¢ãƒ³ï¼ˆãƒšãƒ³ãƒ‰ãƒ©ãƒ¼ãƒŸã‚ºã‚´ãƒ­ã‚¦å¥½ãï¼‰ã€ã¨ã†ã‚‰ã¶ã¨ã‹è«¸ã€…è‰²ã€…  æˆäººæ¸ˆ\u3000ãƒŸãƒ¥ãƒ¼ãƒˆãƒ»ãƒ–ãƒ­ãƒƒã‚¯ã”è‡ªç”±ã«\u3000', 'url': None, 'entities': {'description': {'urls': []}}, 'protected': False, 'followers_count': 30, 'friends_count': 206, 'listed_count': 1, 'created_at': 'Fri Oct 26 06:48:02 +0000 2018', 'favourites_count': 11018, 'utc_offset': None, 'time_zone': None, 'geo_enabled': False, 'verified': False, 'statuses_count': 11877, 'lang': None, 'contributors_enabled': False, 'is_translator': False, 'is_translation_enabled': False, 'profile_background_color': '000000', 'profile_background_image_url': 'http://abs.twimg.com/images/themes/theme1/bg.png', 'profile_background_image_url_https': 'https://abs.twimg.com/images/themes/theme1/bg.png', 'profile_background_tile': False, 'profile_image_url': 'http://pbs.twimg.com/profile_images/1197502549391073285/CynINIV1_normal.jpg', 'profile_image_url_https': 'https://pbs.twimg.com/profile_images/1197502549391073285/CynINIV1_normal.jpg', 'profile_banner_url': 'https://pbs.twimg.com/profile_banners/1055712639421018113/1622874238', 'profile_link_color': '7FDBB6', 'profile_sidebar_border_color': '000000', 'profile_sidebar_fill_color': '000000', 'profile_text_color': '000000', 'profile_use_background_image': False, 'has_extended_profile': True, 'default_profile': False, 'default_profile_image': False, 'following': False, 'follow_request_sent': False, 'notifications': False, 'translator_type': 'none', 'withheld_in_countries': []}",,,,,False,0,0,False,False,,ja,,,,
3,Tue Aug 03 11:48:14 +0000 2021,1422524708478537730,1422524708478537730,"ã‚³ãƒ­ãƒŠã®ã€Œé‡ç—‡ã€ã¯ã€ã™ã§ã«è‚ºç‚ãŒåºƒãŒã‚Šã‚¨ã‚¯ãƒ¢ãŒå¿…è¦ã§åŠ©ã‹ã‚‹ç¢ºç‡ã‚‚ä½ã„ã€ã“ã¨ã ãã†ã€‚ãªã®ã«ã€Œé‡ç—‡æ‚£è€…ä»¥å¤–ã¯ã€è‡ªå®…ç™‚é¤Šã§ã€ã ã¨ï¼Ÿã“ã‚Œã¤ã¾ã‚Šã€åŒ»ç™‚å´©å£Šã€ã ã‚ˆã­ï¼Ÿ
è…ã•ã‚“ã€Œå¯¾ç­–ã¯ã§ãã¦ã„ã‚‹ã€ãªã‚“ã¦ã„ã¤ã¾ã§ã‚‚è¨€ã£ã¦ãªã„ã§ç¾å®Ÿã‚’è¦‹ã¦ãã ã•ã„ã‚ˆã€‚ç—…æ°—ãªã®ã«åŒ»è€…ã«è¨ºã¦ã‚‚ã‚‰ãˆãªã„å›½ã«ãªã£ã¦ã¾ã™ã‚ˆï¼",False,"{'hashtags': [], 'symbols': [], 'user_mentions': [], 'urls': []}","{'iso_language_code': 'ja', 'result_type': 'recent'}","<a href=""https://mobile.twitter.com"" rel=""nofollow"">Twitter Web App</a>",,,,,,"{'id': 168436603, 'id_str': '168436603', 'name': 'MadReine', 'screen_name': 'MadPlanets', 'location': '', 'description': 'ã¨ãã©ãDancer, Singer, and Air.', 'url': None, 'entities': {'description': {'urls': []}}, 'protected': False, 'followers_count': 52, 'friends_count': 150, 'listed_count': 3, 'created_at': 'Mon Jul 19 09:29:41 +0000 2010', 'favourites_count': 1107, 'utc_offset': None, 'time_zone': None, 'geo_enabled': True, 'verified': False, 'statuses_count': 4488, 'lang': None, 'contributors_enabled': False, 'is_translator': False, 'is_translation_enabled': False, 'profile_background_color': 'B2DFDA', 'profile_background_image_url': 'http://abs.twimg.com/images/themes/theme13/bg.gif', 'profile_background_image_url_https': 'https://abs.twimg.com/images/themes/theme13/bg.gif', 'profile_background_tile': False, 'profile_image_url': 'http://pbs.twimg.com/profile_images/1121711651/59dc7119cea074e05c98e399c97d8150_normal.jpeg', 'profile_image_url_https': 'https://pbs.twimg.com/profile_images/1121711651/59dc7119cea074e05c98e399c97d8150_normal.jpeg', 'profile_link_color': 'F78F8F', 'profile_sidebar_border_color': 'EEEEEE', 'profile_sidebar_fill_color': 'FFFFFF', 'profile_text_color': '333333', 'profile_use_background_image': True, 'has_extended_profile': False, 'default_profile': False, 'default_profile_image': False, 'following': False, 'follow_request_sent': False, 'notifications': False, 'translator_type': 'none', 'withheld_in_countries': []}",,,,,False,0,0,False,False,,ja,,,,
4,Tue Aug 03 11:48:12 +0000 2021,1422524700953960448,1422524700953960448,"#åŒ»ç™‚å´©å£Šã§ã‚‚äº”è¼ªã§ã™ã‹ 
#ä»Šã™ãäº”è¼ªä¸­æ­¢ã‚’
#äº”è¼ªã‚„ã‚ã¦å‘½ã¾ã‚‚ã‚Œ
ã€Œé‡ç—‡æ‚£è€…ä»¥å¤–ã¯è‡ªå®…ç™‚é¤Šã€â€¦æ”¿åºœã® â€œåŒ»ç™‚å´©å£Šâ€ åŒç„¶ã®ç™ºè¡¨ã«ã€Œã„ã¾ã™ãäº”è¼ªã‚„ã‚ã‚‹ã¹ãã€ã®å£°(SmartFLASH)
#Yahooãƒ‹ãƒ¥ãƒ¼ã‚¹
https://t.co/0DvrX7pkvb",False,"{'hashtags': [{'text': 'åŒ»ç™‚å´©å£Šã§ã‚‚äº”è¼ªã§ã™ã‹', 'indices': [0, 12]}, {'text': 'ä»Šã™ãäº”è¼ªä¸­æ­¢ã‚’', 'indices': [14, 23]}, {'text': 'äº”è¼ªã‚„ã‚ã¦å‘½ã¾ã‚‚ã‚Œ', 'indices': [24, 34]}, {'text': 'Yahooãƒ‹ãƒ¥ãƒ¼ã‚¹', 'indices': [94, 104]}], 'symbols': [], 'user_mentions': [], 'urls': [{'url': 'https://t.co/0DvrX7pkvb', 'expanded_url': 'https://news.yahoo.co.jp/articles/8e3f8066f30d5912bfb99cd3361c8340ba3c439a', 'display_url': 'news.yahoo.co.jp/articles/8e3f8â€¦', 'indices': [105, 128]}]}","{'iso_language_code': 'ja', 'result_type': 'recent'}","<a href=""https://mobile.twitter.com"" rel=""nofollow"">Twitter Web App</a>",,,,,,"{'id': 883960073722056704, 'id_str': '883960073722056704', 'name': 'ã‚†ããŠã‚“å§‰', 'screen_name': 'doremicdehnh', 'location': 'å¤æœ¬ç”º', 'description': '', 'url': None, 'entities': {'description': {'urls': []}}, 'protected': False, 'followers_count': 462, 'friends_count': 386, 'listed_count': 9, 'created_at': 'Sun Jul 09 08:04:39 +0000 2017', 'favourites_count': 219723, 'utc_offset': None, 'time_zone': None, 'geo_enabled': False, 'verified': False, 'statuses_count': 280047, 'lang': None, 'contributors_enabled': False, 'is_translator': False, 'is_translation_enabled': False, 'profile_background_color': 'F5F8FA', 'profile_background_image_url': None, 'profile_background_image_url_https': None, 'profile_background_tile': False, 'profile_image_url': 'http://pbs.twimg.com/profile_images/1173418724918886402/OfEy8zZf_normal.jpg', 'profile_image_url_https': 'https://pbs.twimg.com/profile_images/1173418724918886402/OfEy8zZf_normal.jpg', 'profile_banner_url': 'https://pbs.twimg.com/profile_banners/883960073722056704/1568599900', 'profile_link_color': '1DA1F2', 'profile_sidebar_border_color': 'C0DEED', 'profile_sidebar_fill_color': 'DDEEF6', 'profile_text_color': '333333', 'profile_use_background_image': True, 'has_extended_profile': False, 'default_profile': True, 'default_profile_image': False, 'following': False, 'follow_request_sent': False, 'notifications': False, 'translator_type': 'none', 'withheld_in_countries': []}",,,,,False,0,0,False,False,False,ja,,,,
5,Tue Aug 03 11:48:08 +0000 2021,1422524682532626905,1422524682532626905,æ„ŸæŸ“æ‹¡å¤§ã§åŒ»ç™‚å´©å£Šã€ã‚ªãƒªãƒ³ãƒ”ãƒƒã‚¯å³æ™‚ä¸­æ­¢ã§ã™ã‚ˆã€‚ https://t.co/GDHf0d0ZUM,False,"{'hashtags': [], 'symbols': [], 'user_mentions': [], 'urls': [{'url': 'https://t.co/GDHf0d0ZUM', 'expanded_url': 'https://twitter.com/syouwaoyaji/status/1422514335356575746', 'display_url': 'twitter.com/syouwaoyaji/stâ€¦', 'indices': [25, 48]}]}","{'iso_language_code': 'ja', 'result_type': 'recent'}","<a href=""http://twitter.com/download/iphone"" rel=""nofollow"">Twitter for iPhone</a>",,,,,,"{'id': 1344597984990793732, 'id_str': '1344597984990793732', 'name': 'å±±ä¹ƒçœŸç”° II', 'screen_name': 'Yamanosonata191', 'location': 'æ—¥æœ¬', 'description': '2020å¹´å¤§æ™¦æ—¥ã«ã€Œå±±ä¹ƒçœŸç”°ã€å‡çµã‹ï¼Ÿè§£æ¶ˆã™ã‚‹ã«ã¯å•é¡Œã‚ã‚‹ã¨ã•ã‚ŒãŸãƒ„ã‚¤ãƒ¼ãƒˆ(2Fçµ¡ã¿)ã®å‰Šé™¤ãŒå¿…è¦ã¨ã®ãƒ¡ãƒƒã‚»ãƒ¼ã‚¸ã€ãã®å¾Œãƒ­ã‚°ã‚¤ãƒ³ã—ã¦ã‚‚ã€Œå•é¡ŒãŒç™ºç”Ÿã—ã¾ã—ãŸã€ã§å…ˆã«é€²ã‚ãšã€æ–°ã‚¢ã‚«ã‚¦ãƒ³ãƒˆä½œæˆã€‚ä»Šã®è‡ªæ°‘å…šãŒå¤§å«Œã„ã€‚è¶£å‘³ã¯ã‚¢ãƒç„¡ç·šã€ã‚¢ã‚¦ãƒˆãƒ‰ã‚¢ã€ãƒ­ãƒ¼ãƒ‰ãƒã‚¤ã‚¯ä»–ã€', 'url': None, 'entities': {'description': {'urls': []}}, 'protected': False, 'followers_count': 210, 'friends_count': 361, 'listed_count': 2, 'created_at': 'Thu Dec 31 10:55:44 +0000 2020', 'favourites_count': 28849, 'utc_offset': None, 'time_zone': None, 'geo_enabled': False, 'verified': False, 'statuses_count': 5772, 'lang': None, 'contributors_enabled': False, 'is_translator': False, 'is_translation_enabled': False, 'profile_background_color': 'F5F8FA', 'profile_background_image_url': None, 'profile_background_image_url_https': None, 'profile_background_tile': False, 'profile_image_url': 'http://pbs.twimg.com/profile_images/1344598875227635714/7TuI4qyg_normal.jpg', 'profile_image_url_https': 'https://pbs.twimg.com/profile_images/1344598875227635714/7TuI4qyg_normal.jpg', 'profile_link_color': '1DA1F2', 'profile_sidebar_border_color': 'C0DEED', 'profile_sidebar_fill_color': 'DDEEF6', 'profile_text_color': '333333', 'profile_use_background_image': True, 'has_extended_profile': True, 'default_profile': True, 'default_profile_image': False, 'following': False, 'follow_request_sent': False, 'notifications': False, 'translator_type': 'none', 'withheld_in_countries': []}",,,,,True,0,0,False,False,False,ja,1.4225143353565757e+18,1422514335356575746,"{'created_at': 'Tue Aug 03 11:07:01 +0000 2021', 'id': 1422514335356575746, 'id_str': '1422514335356575746', 'text': 'å€‰æŒä»é™¢é•·\nçš†ä¿é™ºåˆ¶åº¦ã®æ”¾æ£„ã€æ”¿æ²»ã‚’å¸ã‚‹è³‡æ ¼ãªã„ã€ã‚³ãƒ­ãƒŠå…¥é™¢å¯¾è±¡ã¯é‡ç—‡è€…é™å®šã«\n https://t.co/9qe0ROSRUv', 'truncated': False, 'entities': {'hashtags': [], 'symbols': [], 'user_mentions': [], 'urls': [{'url': 'https://t.co/9qe0ROSRUv', 'expanded_url': 'https://www.daily.co.jp/gossip/2021/08/03/0014560310.shtml', 'display_url': 'daily.co.jp/gossip/2021/08â€¦', 'indices': [41, 64]}]}, 'metadata': {'iso_language_code': 'ja', 'result_type': 'recent'}, 'source': '<a href=""http://twitter.com/download/iphone"" rel=""nofollow"">Twitter for iPhone</a>', 'in_reply_to_status_id': None, 'in_reply_to_status_id_str': None, 'in_reply_to_user_id': None, 'in_reply_to_user_id_str': None, 'in_reply_to_screen_name': None, 'user': {'id': 461999811, 'id_str': '461999811', 'name': 'æ˜­å’ŒãŠã‚„ã˜', 'screen_name': 'syouwaoyaji', 'location': 'æ±äº¬éƒ½', 'description': 'æµé€šå¤–é£Ÿã®ã‚·ã‚¹ãƒ†ãƒ å±‹ã€‚ æ˜­å’ŒãŒçµ‚ã‚ã‚‹é ƒã€æ—¢ã«ãŠã‚„ã˜ã ã£ãŸæ˜­å’ŒãŠã‚„ã˜ã§ã™ã€‚ ç§ã®å¦»ã¯ãƒ•ã‚£ãƒªãƒ”ãƒ³äººã€‚ ã‚¢ã‚¤ã‚³ãƒ³ã¯å§ªã£å­(Asia)ã§ã™ã€‚ ãƒ™ãƒˆãƒŠãƒ æˆ¦äº‰ã«å¾“è»ã—ã€åœ°ç„ã‚’è¦‹ã¦ããŸãŠã˜ã„ã¡ã‚ƒã‚“ãŒã€ã‚¢ã‚¸ã‚¢ã®å¹³å’Œã‚’é¡˜ã£ã¦ã¤ã‘ãŸåå‰ã§ã™ã€‚ æœ€è¿‘ã€çŸ¥ã‚‰ãªã„äººã‹ã‚‰ãƒ‘ãƒ¨ã‚¯ã¨è¨€ã‚ã‚Œã¾ã™ã€‚ #ååŸç™ºã€#åTPPã€#åæˆ¦ã€#åæ”¹æ†²ã€#åæ°‘æ—å·®åˆ¥', 'url': 'https://t.co/nt3n1FTzYI', 'entities': {'url': {'urls': [{'url': 'https://t.co/nt3n1FTzYI', 'expanded_url': 'https://syouwaoyaji.hatenablog.jp', 'display_url': 'syouwaoyaji.hatenablog.jp', 'indices': [0, 23]}]}, 'description': {'urls': []}}, 'protected': False, 'followers_count': 30768, 'friends_count': 19393, 'listed_count': 384, 'created_at': 'Thu Jan 12 13:00:24 +0000 2012', 'favourites_count': 246129, 'utc_offset': None, 'time_zone': None, 'geo_enabled': False, 'verified': False, 'statuses_count': 352417, 'lang': None, 'contributors_enabled': False, 'is_translator': False, 'is_translation_enabled': False, 'profile_background_color': 'C0DEED', 'profile_background_image_url': 'http://abs.twimg.com/images/themes/theme1/bg.png', 'profile_background_image_url_https': 'https://abs.twimg.com/images/themes/theme1/bg.png', 'profile_background_tile': False, 'profile_image_url': 'http://pbs.twimg.com/profile_images/449759446156070912/reY05HLE_normal.jpeg', 'profile_image_url_https': 'https://pbs.twimg.com/profile_images/449759446156070912/reY05HLE_normal.jpeg', 'profile_banner_url': 'https://pbs.twimg.com/profile_banners/461999811/1452174240', 'profile_link_color': '1DA1F2', 'profile_sidebar_border_color': 'C0DEED', 'profile_sidebar_fill_color': 'DDEEF6', 'profile_text_color': '333333', 'profile_use_background_image': True, 'has_extended_profile': False, 'default_profile': True, 'default_profile_image': False, 'following': False, 'follow_request_sent': False, 'notifications': False, 'translator_type': 'none', 'withheld_in_countries': []}, 'geo': None, 'coordinates': None, 'place': None, 'contributors': None, 'is_quote_status': False, 'retweet_count': 32, 'favorite_count': 40, 'favorited': False, 'retweeted': False, 'possibly_sensitive': False, 'lang': 'ja'}",
6,Tue Aug 03 11:48:07 +0000 2021,1422524680678690819,1422524680678690819,"å©¦äººç§‘è¡Œãã®ã‚’

ã‚³ãƒ­ãƒŠç¦ã§è¡Œãã®ã‚’ãŸã‚ã‚‰ã£ã¦ãŸã‚‰

å­å®®ç­‹è…«ãŒ2å€ã«ãªã‚Š

#å­å®®å…¨æ‘˜

ã«ãªã‚Šã¾ã™

æŸä¸­éƒ¨ã®ã‚¯ãƒ©ã‚¹ã‚¿ãƒ¼ç—…é™¢ã«

è¡Œããã†ã ã£ãŸã‘ã©

åŒ»ç™‚å´©å£Šã®æƒ…å ±å…¥ã£ã¦ã¦

ç´¹ä»‹çŠ¶æ›¸ã‹ã‚Œãªã‹ã£ãŸ

#æ²–ç¸„ã‚³ãƒ­ãƒŠ",False,"{'hashtags': [{'text': 'å­å®®å…¨æ‘˜', 'indices': [39, 44]}, {'text': 'æ²–ç¸„ã‚³ãƒ­ãƒŠ', 'indices': [103, 109]}], 'symbols': [], 'user_mentions': [], 'urls': []}","{'iso_language_code': 'ja', 'result_type': 'recent'}","<a href=""http://twitter.com/download/iphone"" rel=""nofollow"">Twitter for iPhone</a>",,,,,,"{'id': 966030294200369152, 'id_str': '966030294200369152', 'name': 'Momo', 'screen_name': 'FreelanceMomo', 'location': 'Japan ', 'description': '#ãƒ€ãƒ–ãƒ«ã‚­ãƒ£ãƒªã‚¢#çŒ«ã‚¨ã‚¤ã‚º#çŒ«ç™½è¡€ç—…#ã•ãã‚‰çŒ«#æ”¯æ´ãŠé¡˜ã„ã—ã¾ã™#çŒ«å¥½ãã•ã‚“ã¨ç¹‹ãŒã‚ŠãŸã„ ğŸ±æ”¯æ´ã¯ã“ã¡ã‚‰ğŸ™https://t.co/isWATnoVfu', 'url': 'https://t.co/XYsfQmsPjX', 'entities': {'url': {'urls': [{'url': 'https://t.co/XYsfQmsPjX', 'expanded_url': 'https://www.amazon.jp/hz/wishlist/ls/K325DYD5ISR2?ref_=wl_share', 'display_url': 'amazon.jp/hz/wishlist/lsâ€¦', 'indices': [0, 23]}]}, 'description': {'urls': [{'url': 'https://t.co/isWATnoVfu', 'expanded_url': 'https://www.amazon.jp/hz/wishlist/ls/K325DYD5ISR2?ref_=wl_sharee', 'display_url': 'amazon.jp/hz/wishlist/lsâ€¦', 'indices': [53, 76]}]}}, 'protected': False, 'followers_count': 266, 'friends_count': 94, 'listed_count': 4, 'created_at': 'Tue Feb 20 19:22:24 +0000 2018', 'favourites_count': 17609, 'utc_offset': None, 'time_zone': None, 'geo_enabled': True, 'verified': False, 'statuses_count': 5495, 'lang': None, 'contributors_enabled': False, 'is_translator': False, 'is_translation_enabled': False, 'profile_background_color': 'F5F8FA', 'profile_background_image_url': None, 'profile_background_image_url_https': None, 'profile_background_tile': False, 'profile_image_url': 'http://pbs.twimg.com/profile_images/1364104543907192834/GwD1YOnS_normal.jpg', 'profile_image_url_https': 'https://pbs.twimg.com/profile_images/1364104543907192834/GwD1YOnS_normal.jpg', 'profile_banner_url': 'https://pbs.twimg.com/profile_banners/966030294200369152/1614062632', 'profile_link_color': '1DA1F2', 'profile_sidebar_border_color': 'C0DEED', 'profile_sidebar_fill_color': 'DDEEF6', 'profile_text_color': '333333', 'profile_use_background_image': True, 'has_extended_profile': False, 'default_profile': True, 'default_profile_image': False, 'following': False, 'follow_request_sent': False, 'notifications': False, 'translator_type': 'none', 'withheld_in_countries': []}",,,,,False,0,0,False,False,,ja,,,,
7,Tue Aug 03 11:48:03 +0000 2021,1422524661192032270,1422524661192032270,"ã‚³ãƒ­ãƒŠã«ã¤ã„ã¦ã€‚
é‡ç—‡:æ­»ã¬å¯èƒ½æ€§ãŒã‹ãªã‚Šé«˜ã„
ä¸­ç­‰ç—‡:å‘¼å¸å™¨å¿…é ˆ
è»½ç—‡:å‘¼å¸å™¨å¿…é ˆã˜ã‚ƒãªã‘ã‚Œã°ç†±ãŒä½•åº¦ã‚ã‚ã†ã¨
ã£ã¦è¨€ã†ã®ã‚‚ã£ã¨å‘¨çŸ¥ã™ã¹ãã ã¨æ€ã†ã€‚ãã‚“ã§ä»Šä¸­ç­‰ç—‡ã§ã‚‚è‡ªå®…å¾…æ©Ÿã«ãªã‚‹ã¨ã‹ã€å®Œå…¨ã«åŒ»ç™‚å´©å£Šã—ã¦ã‚‹ã‚ˆã­ğŸ¥¶
è‡ªå®…å¾…æ©Ÿã§æ€¥å¤‰â€¦ https://t.co/lGEVip5Oe4",True,"{'hashtags': [], 'symbols': [], 'user_mentions': [], 'urls': [{'url': 'https://t.co/lGEVip5Oe4', 'expanded_url': 'https://twitter.com/i/web/status/1422524661192032270', 'display_url': 'twitter.com/i/web/status/1â€¦', 'indices': [117, 140]}]}","{'iso_language_code': 'ja', 'result_type': 'recent'}","<a href=""http://twitter.com/download/iphone"" rel=""nofollow"">Twitter for iPhone</a>",,,,,,"{'id': 1389175370121814020, 'id_str': '1389175370121814020', 'name': 'ã¾ã‚ãŸğŸŒ¾30w', 'screen_name': 'Mamekko202110', 'location': '', 'description': '2021.10å‡ºç”£äºˆå®šã®åˆãƒã‚¿ã§ã™ğŸ¤°31æ­³ã€‚åˆ†ã‹ã‚‰ãªã„ã“ã¨ã ã‚‰ã‘ãªã®ã§ã€å¦Šå¨ å‡ºç”£ç”¨ã«ã‚¢ã‚«ã‚¦ãƒ³ãƒˆä½œæˆã—ã¾ã—ãŸã€‚ å®œã—ããŠé¡˜ã„ã—ã¾ã™ğŸ˜Šç„¡è¨€ãƒ•ã‚©ãƒ­ãƒ¼å¤±ç¤¼ã—ã¾ã™ï¼', 'url': None, 'entities': {'description': {'urls': []}}, 'protected': False, 'followers_count': 146, 'friends_count': 140, 'listed_count': 0, 'created_at': 'Mon May 03 11:10:11 +0000 2021', 'favourites_count': 382, 'utc_offset': None, 'time_zone': None, 'geo_enabled': False, 'verified': False, 'statuses_count': 42, 'lang': None, 'contributors_enabled': False, 'is_translator': False, 'is_translation_enabled': False, 'profile_background_color': 'F5F8FA', 'profile_background_image_url': None, 'profile_background_image_url_https': None, 'profile_background_tile': False, 'profile_image_url': 'http://pbs.twimg.com/profile_images/1389215581979648003/8FPCzJ83_normal.jpg', 'profile_image_url_https': 'https://pbs.twimg.com/profile_images/1389215581979648003/8FPCzJ83_normal.jpg', 'profile_banner_url': 'https://pbs.twimg.com/profile_banners/1389175370121814020/1620049780', 'profile_link_color': '1DA1F2', 'profile_sidebar_border_color': 'C0DEED', 'profile_sidebar_fill_color': 'DDEEF6', 'profile_text_color': '333333', 'profile_use_background_image': True, 'has_extended_profile': True, 'default_profile': True, 'default_profile_image': False, 'following': False, 'follow_request_sent': False, 'notifications': False, 'translator_type': 'none', 'withheld_in_countries': []}",,,,,False,0,0,False,False,,ja,,,,
8,Tue Aug 03 11:47:42 +0000 2021,1422524573463957507,1422524573463957507,"#NHKã¯è‡ªæ°‘å…šã®å°è±¡æ“ä½œã®é“å…·
ã€ŒåŒ»ç™‚å´©å£Šã€ã®ç¾å®Ÿã‚’ã€ŒåŒ»ç™‚å´©å£Šã€ã¨ä¼ãˆã‚‰ã‚Œãªã„ã€Œã‚ãŸã—ãŸã¡ã®ï¼®ï¼¨ï¼«ã€ã€‚

ã“ã®çµ„ç¹”ã¯åº¶æ°‘ã‹ã‚‰ç„¡ç†çŸ¢ç†ãŠé‡‘ã‚’å–ã‚ŠãªãŒã‚‰ã€ã™ã‚‹ä»•äº‹ã¯åº¶æ°‘ã®ãŸã‚ã§ãªããŸã ã®æ”¿åºœåºƒå ±æ´»å‹•ã€‚

Nå›½ã§ãªãã¦ã‚‚ã€NHKã‚’æ½°ã—â€¦ https://t.co/9QwrgJlGRU",True,"{'hashtags': [{'text': 'NHKã¯è‡ªæ°‘å…šã®å°è±¡æ“ä½œã®é“å…·', 'indices': [0, 16]}], 'symbols': [], 'user_mentions': [], 'urls': [{'url': 'https://t.co/9QwrgJlGRU', 'expanded_url': 'https://twitter.com/i/web/status/1422524573463957507', 'display_url': 'twitter.com/i/web/status/1â€¦', 'indices': [117, 140]}]}","{'iso_language_code': 'ja', 'result_type': 'recent'}","<a href=""https://mobile.twitter.com"" rel=""nofollow"">Twitter Web App</a>",,,,,,"{'id': 1167433680383442945, 'id_str': '1167433680383442945', 'name': 'Honobolly', 'screen_name': 'honobolly', 'location': '', 'description': 'é«˜æ ¡æ•™å¸« ã€‚\nç¾æ”¿æ¨©ã§ã¯å…¨ã¦ã®æ–½ç­–ãŒæ”¿æ¨©ãã®ã‚‚ã®ã‚„åˆ©æ¨©ã‚’å®ˆã‚‹ãŸã‚ã«è¡Œã‚ã‚Œã¦ãŠã‚Šæ•™è‚²ã‚‚ä¾‹å¤–ã§ã¯ã‚ã‚Šã¾ã›ã‚“ã€‚ä¸­æ­¢ã•ã‚ŒãŸ2019å¹´ã®è‹±èªæ¤œå®šã‚„è¨˜è¿°å•é¡Œå°å…¥ã‚‚ã€ã¾ã¨ã‚‚ãªå¤§äººãŒè€ƒãˆã¦ã„ã‚‹ã¨ã¯åˆ°åº•æ€ãˆãªã„ã»ã©é…·ã„ã‚‚ã®ã§ã—ãŸã€‚ã‚³ãƒ­ãƒŠå¯¾å¿œå«ã‚æ”¿æ¨©ã®ç„¡èƒ½ã¨è…æ•—ã¯ä»–åˆ†é‡ã§ã‚‚å®³ã‚’ãªã—ã¦ã„ã‚‹ã¨æ€ã‚ã‚Œã¾ã™ã€‚æ—¥æœ¬ã®æœªæ¥ã®ãŸã‚ã«æ”¿æ¨©äº¤æ›¿ã‚’æœ›ã¿ã¾ã™ã€‚', 'url': None, 'entities': {'description': {'urls': []}}, 'protected': False, 'followers_count': 333, 'friends_count': 175, 'listed_count': 4, 'created_at': 'Fri Aug 30 13:47:55 +0000 2019', 'favourites_count': 5977, 'utc_offset': None, 'time_zone': None, 'geo_enabled': False, 'verified': False, 'statuses_count': 7783, 'lang': None, 'contributors_enabled': False, 'is_translator': False, 'is_translation_enabled': False, 'profile_background_color': 'F5F8FA', 'profile_background_image_url': None, 'profile_background_image_url_https': None, 'profile_background_tile': False, 'profile_image_url': 'http://pbs.twimg.com/profile_images/1190840017754689536/0Q-FzEGl_normal.jpg', 'profile_image_url_https': 'https://pbs.twimg.com/profile_images/1190840017754689536/0Q-FzEGl_normal.jpg', 'profile_banner_url': 'https://pbs.twimg.com/profile_banners/1167433680383442945/1572753360', 'profile_link_color': '1DA1F2', 'profile_sidebar_border_color': 'C0DEED', 'profile_sidebar_fill_color': 'DDEEF6', 'profile_text_color': '333333', 'profile_use_background_image': True, 'has_extended_profile': False, 'default_profile': True, 'default_profile_image': False, 'following': False, 'follow_request_sent': False, 'notifications': False, 'translator_type': 'none', 'withheld_in_countries': []}",,,,,False,0,0,False,False,False,ja,,,,
9,Tue Aug 03 11:47:40 +0000 2021,1422524567076044800,1422524567076044800,"æ—¥æœ¬åŒ»å¸«ä¼šãŒã€è‡ªå®…ç™‚é¤Šã§å¯¾å¿œå¯èƒ½ãªæ‚£è€…ã‚’ã€è‡ªåˆ†ãŸã¡ãŒå¯¾å¿œã›ãšã«ã‚ãˆã¦å…¥é™¢ã•ã›ã‚‹ã“ã¨ã§ã€
åŒ»ç™‚å´©å£Šã®å¼•ãé‡‘ã‚’å¼•ã",False,"{'hashtags': [], 'symbols': [], 'user_mentions': [], 'urls': []}","{'iso_language_code': 'ja', 'result_type': 'recent'}","<a href=""https://mobile.twitter.com"" rel=""nofollow"">Twitter Web App</a>",,,,,,"{'id': 1257967217703936000, 'id_str': '1257967217703936000', 'name': 'é»’é’çŒ«', 'screen_name': 'KuroaoC', 'location': 'Japan', 'description': 'é»’é’çŒ«ï¼ˆå†ç”Ÿï¼‰', 'url': None, 'entities': {'description': {'urls': []}}, 'protected': False, 'followers_count': 2, 'friends_count': 0, 'listed_count': 0, 'created_at': 'Wed May 06 09:36:08 +0000 2020', 'favourites_count': 0, 'utc_offset': None, 'time_zone': None, 'geo_enabled': False, 'verified': False, 'statuses_count': 2221, 'lang': None, 'contributors_enabled': False, 'is_translator': False, 'is_translation_enabled': False, 'profile_background_color': 'F5F8FA', 'profile_background_image_url': None, 'profile_background_image_url_https': None, 'profile_background_tile': False, 'profile_image_url': 'http://pbs.twimg.com/profile_images/1257968199619895296/Y200aOg-_normal.jpg', 'profile_image_url_https': 'https://pbs.twimg.com/profile_images/1257968199619895296/Y200aOg-_normal.jpg', 'profile_link_color': '1DA1F2', 'profile_sidebar_border_color': 'C0DEED', 'profile_sidebar_fill_color': 'DDEEF6', 'profile_text_color': '333333', 'profile_use_background_image': True, 'has_extended_profile': False, 'default_profile': True, 'default_profile_image': False, 'following': False, 'follow_request_sent': False, 'notifications': False, 'translator_type': 'none', 'withheld_in_countries': []}",,,,,False,0,0,False,False,,ja,,,,
10,Tue Aug 03 11:47:39 +0000 2021,1422524561141030914,1422524561141030914,ã‚ªãƒªãƒ³ãƒ”ã‚¯é¸æ‰‹ã®è‡ªå·±æº€è¶³ã®ãŸã‚ã«åŒ»ç™‚å´©å£Šã ã‚ˆï¼ğŸ‘¹,False,"{'hashtags': [], 'symbols': [], 'user_mentions': [], 'urls': []}","{'iso_language_code': 'ja', 'result_type': 'recent'}","<a href=""http://twitter.com/download/android"" rel=""nofollow"">Twitter for Android</a>",,,,,,"{'id': 246426284, 'id_str': '246426284', 'name': 'áƒ¨áƒáƒ—áƒæ§˜â„¬ğ’¶ğ“‡â„´ğ“ƒ â„´ğ’» ğ’®â„¯ğ’¶ğ“ğ’¶ğ“ƒğ’¹', 'screen_name': 'WPK1010', 'location': 'Hanoi, Vietnam', 'description': 'ğŸ›¸ï¼MiG-21ï¼â„¬ğ’¶ğ“‡â„´ğ“ƒ â„´ğ’» ğ’®â„¯ğ’¶ğ“ğ’¶ğ“ƒğ’¹ï¼ğŸ‡»ğŸ‡³ğŸ¤ğŸ‡°ğŸ‡µğŸ¤ğŸ‡¨ğŸ‡ºï¼ğŸ“™âŒNo Child Pornoï¼ğŸ‘‘ğŸ›âŒNo  Imperialismï¼ğŸ“ºâŒ No AnimeğŸ§ï¼ğŸ—¾ğŸµâŒNo çŒ¿å€­', 'url': None, 'entities': {'description': {'urls': []}}, 'protected': False, 'followers_count': 558, 'friends_count': 544, 'listed_count': 12, 'created_at': 'Wed Feb 02 19:29:01 +0000 2011', 'favourites_count': 32498, 'utc_offset': None, 'time_zone': None, 'geo_enabled': True, 'verified': False, 'statuses_count': 126640, 'lang': None, 'contributors_enabled': False, 'is_translator': False, 'is_translation_enabled': False, 'profile_background_color': '000000', 'profile_background_image_url': 'http://abs.twimg.com/images/themes/theme1/bg.png', 'profile_background_image_url_https': 'https://abs.twimg.com/images/themes/theme1/bg.png', 'profile_background_tile': False, 'profile_image_url': 'http://pbs.twimg.com/profile_images/641774359175032836/YU95g0oQ_normal.jpg', 'profile_image_url_https': 'https://pbs.twimg.com/profile_images/641774359175032836/YU95g0oQ_normal.jpg', 'profile_banner_url': 'https://pbs.twimg.com/profile_banners/246426284/1536167218', 'profile_link_color': '19CF86', 'profile_sidebar_border_color': '000000', 'profile_sidebar_fill_color': '000000', 'profile_text_color': '000000', 'profile_use_background_image': False, 'has_extended_profile': False, 'default_profile': False, 'default_profile_image': False, 'following': False, 'follow_request_sent': False, 'notifications': False, 'translator_type': 'none', 'withheld_in_countries': []}",,,,,False,0,0,False,False,,ja,,,,
11,Tue Aug 03 11:47:04 +0000 2021,1422524413635809283,1422524413635809283,"è‡ªæ°‘å…šæ”¿æ¨©ã£ã¦ã€ã„ã¤ã‚‚ã“ã†ã€‚ä»Šã¾ã•ã«æ±äº¬ã§è‡ªå®…æ”¾ç½®ã•ã‚Œã‚‹äººãŒæ¿€å¢—ã™ã‚‹åŒ»ç™‚å´©å£Šä¸­ã«ã€å¤–å›½ã‚’æ”¯æ´ã™ã‚‹ã£ã¦ã•ã€‚

è‡ªç§°ä¿å®ˆã‚„ã‚‰ãƒãƒˆã‚¦ãƒ¨ã‚„ã‚‰ã€ãªã‚“ã‹è¨€ãˆã‚ˆï¼ˆæ€’
https://t.co/ScmQmvVHeX",False,"{'hashtags': [], 'symbols': [], 'user_mentions': [], 'urls': [{'url': 'https://t.co/ScmQmvVHeX', 'expanded_url': 'https://www3.nhk.or.jp/news/html/20210803/k10013177971000.html', 'display_url': 'www3.nhk.or.jp/news/html/2021â€¦', 'indices': [76, 99]}]}","{'iso_language_code': 'ja', 'result_type': 'recent'}","<a href=""https://mobile.twitter.com"" rel=""nofollow"">Twitter Web App</a>",,,,,,"{'id': 845933519054422016, 'id_str': '845933519054422016', 'name': 'goro', 'screen_name': 'edojp1010', 'location': 'TOKYO\u3000JAPAN', 'description': 'å¤©çš‡å¼¥æ „ã€‚ç„¡å…šæ´¾ã€‚ç©æ¥µè²¡æ”¿ã®ã‚Œã„ã‚æ–°é¸çµ„ã€æ—¥æœ¬ç¬¬ä¸€å…šã®èºé€²ã«æœŸå¾…ã€‚å›½æ°‘ã®ç›®ã®å‰ã®å•é¡Œã‚’ã“ã¤ã“ã¤è§£æ±ºã—ã¦ã„ãæ—¥æœ¬å…±ç”£å…šã®è·¯ç·šã‚‚é«˜è©•ä¾¡ã€‚å…ƒæ—¥æœ¬èªæ•™å“¡ã€åœ¨éŸ“æ­´ã‚ã‚Šã€‚åæ—¥éŸ“å›½äººã‚‚å«ŒéŸ“æ—¥æœ¬äººã‚‚å¤§å«Œã„ã€‚DMã”é æ…®ã—ã¾ã™ã€‚I love all animals, especially wolves and dolphins.', 'url': None, 'entities': {'description': {'urls': []}}, 'protected': False, 'followers_count': 1498, 'friends_count': 2230, 'listed_count': 7, 'created_at': 'Sun Mar 26 09:40:42 +0000 2017', 'favourites_count': 113495, 'utc_offset': None, 'time_zone': None, 'geo_enabled': False, 'verified': False, 'statuses_count': 103402, 'lang': None, 'contributors_enabled': False, 'is_translator': False, 'is_translation_enabled': False, 'profile_background_color': '000000', 'profile_background_image_url': 'http://abs.twimg.com/images/themes/theme1/bg.png', 'profile_background_image_url_https': 'https://abs.twimg.com/images/themes/theme1/bg.png', 'profile_background_tile': False, 'profile_image_url': 'http://pbs.twimg.com/profile_images/972721984831238145/PATR_Tpg_normal.jpg', 'profile_image_url_https': 'https://pbs.twimg.com/profile_images/972721984831238145/PATR_Tpg_normal.jpg', 'profile_banner_url': 'https://pbs.twimg.com/profile_banners/845933519054422016/1586397962', 'profile_link_color': '91D2FA', 'profile_sidebar_border_color': '000000', 'profile_sidebar_fill_color': '000000', 'profile_text_color': '000000', 'profile_use_background_image': False, 'has_extended_profile': False, 'default_profile': False, 'default_profile_image': False, 'following': False, 'follow_request_sent': False, 'notifications': False, 'translator_type': 'none', 'withheld_in_countries': []}",,,,,False,0,0,False,False,False,ja,,,,
12,Tue Aug 03 11:46:56 +0000 2021,1422524382727995394,1422524382727995394,ã“ã‚Œã‚’ã•ã‚ŒãŸã‚‰ã€åœ¨å®…åŒ»ç™‚æ©Ÿé–¢ã¯å´©å£Šã™ã‚‹ğŸ’¦ğŸ’¦ https://t.co/vUp8rNLspb,False,"{'hashtags': [], 'symbols': [], 'user_mentions': [], 'urls': [{'url': 'https://t.co/vUp8rNLspb', 'expanded_url': 'https://twitter.com/miyamototooru/status/1422425812028956679', 'display_url': 'twitter.com/miyamototooru/â€¦', 'indices': [22, 45]}]}","{'iso_language_code': 'ja', 'result_type': 'recent'}","<a href=""http://twitter.com/download/iphone"" rel=""nofollow"">Twitter for iPhone</a>",,,,,,"{'id': 2918638495, 'id_str': '2918638495', 'name': 'ã¿ãˆ', 'screen_name': 'mmya2007', 'location': '', 'description': 'ã ã‚Œã®å­ã©ã‚‚ã‚‚æ®ºã•ã›ãªã„ å®‰ä¿é–¢é€£æ³•ã«åå¯¾ï¼', 'url': None, 'entities': {'description': {'urls': []}}, 'protected': False, 'followers_count': 190, 'friends_count': 71, 'listed_count': 3, 'created_at': 'Thu Dec 04 13:01:53 +0000 2014', 'favourites_count': 11291, 'utc_offset': None, 'time_zone': None, 'geo_enabled': True, 'verified': False, 'statuses_count': 14086, 'lang': None, 'contributors_enabled': False, 'is_translator': False, 'is_translation_enabled': False, 'profile_background_color': 'C0DEED', 'profile_background_image_url': 'http://abs.twimg.com/images/themes/theme1/bg.png', 'profile_background_image_url_https': 'https://abs.twimg.com/images/themes/theme1/bg.png', 'profile_background_tile': False, 'profile_image_url': 'http://pbs.twimg.com/profile_images/752261420704604160/Jyhl8_PL_normal.jpg', 'profile_image_url_https': 'https://pbs.twimg.com/profile_images/752261420704604160/Jyhl8_PL_normal.jpg', 'profile_banner_url': 'https://pbs.twimg.com/profile_banners/2918638495/1468188153', 'profile_link_color': '1DA1F2', 'profile_sidebar_border_color': 'C0DEED', 'profile_sidebar_fill_color': 'DDEEF6', 'profile_text_color': '333333', 'profile_use_background_image': True, 'has_extended_profile': False, 'default_profile': True, 'default_profile_image': False, 'following': False, 'follow_request_sent': False, 'notifications': False, 'translator_type': 'none', 'withheld_in_countries': []}",,,,,True,0,0,False,False,False,ja,1.4224258120289567e+18,1422425812028956679,"{'created_at': 'Tue Aug 03 05:15:15 +0000 2021', 'id': 1422425812028956679, 'id_str': '1422425812028956679', 'text': 'é‡ç—‡åŒ–ãƒªã‚¹ã‚¯ãŒã‚ã‚‹äººãŸã¡ã¯å…¥é™¢ã¨ã€è¨€ã£ã¦ã„ãŸã§ã¯ãªã„ã‹ã€‚\nã€ˆç”°æ‘åšåŠ´ç›¸ã€Œé«˜é½¢è€…ã‚„åŸºç¤ç–¾æ‚£ã‚ã‚‹äººã‚‚è‡ªå®…ç™‚é¤Šã®å¯èƒ½æ€§ã€\u3000åŸå‰‡å…¥é™¢ã®æ–¹é‡è»¢æ›ï¼œæ–°å‹ã‚³ãƒ­ãƒŠï¼ï¼šæ±äº¬æ–°è TOKYO Webã€‰ https://t.co/dKZJ6jz9Bh', 'truncated': False, 'entities': {'hashtags': [], 'symbols': [], 'user_mentions': [], 'urls': [{'url': 'https://t.co/dKZJ6jz9Bh', 'expanded_url': 'https://www.tokyo-np.co.jp/article/121509', 'display_url': 'tokyo-np.co.jp/article/121509', 'indices': [91, 114]}]}, 'metadata': {'iso_language_code': 'ja', 'result_type': 'recent'}, 'source': '<a href=""http://twitter.com/download/iphone"" rel=""nofollow"">Twitter for iPhone</a>', 'in_reply_to_status_id': None, 'in_reply_to_status_id_str': None, 'in_reply_to_user_id': None, 'in_reply_to_user_id_str': None, 'in_reply_to_screen_name': None, 'user': {'id': 341296862, 'id_str': '341296862', 'name': 'å®®æœ¬å¾¹', 'screen_name': 'miyamototooru', 'location': 'æ±äº¬', 'description': 'è¡†è­°é™¢è­°å“¡ï¼ˆæ±æ‘å±±ã€æ¸…ç€¬ã€æ±ä¹…ç•™ç±³ã€æ±å¤§å’Œã€æ­¦è”µæ‘å±±/æ±äº¬ï¼‰ï¼’æœŸã€‚æ—¥æœ¬å…±ç”£å…šã€‚äººç”Ÿã«å½±éŸ¿ã‚’ã‚ãŸãˆãŸã®ã¯ãƒ–ãƒ«ãƒ¼ãƒãƒ¼ãƒ„ã€ç°è°·å¥æ¬¡éƒã€æœ¬å¤šå‹ä¸€ã€å®®æ²¢è³¢æ²»ã€‚æ•™è‚²ç„¡å„ŸåŒ–ã€‚æ°—å€™å¤‰å‹•é˜»æ­¢ã€‚ä¼æ¥­å›£ä½“çŒ®é‡‘ãƒ»æ”¿å…šåŠ©æˆé‡‘å»ƒæ­¢ã€‚äººæ¨©ã€è‡ªç”±ã€æ°‘ä¸»ä¸»ç¾©ã€‚ä¸­å›½å…±ç”£å…šã¯å…±ç”£å…šã®åã«å€¤ã›ãš', 'url': 'https://t.co/tatIJcNk4w', 'entities': {'url': {'urls': [{'url': 'https://t.co/tatIJcNk4w', 'expanded_url': 'http://miyamototooru.info', 'display_url': 'miyamototooru.info', 'indices': [0, 23]}]}, 'description': {'urls': []}}, 'protected': False, 'followers_count': 40552, 'friends_count': 171, 'listed_count': 850, 'created_at': 'Sun Jul 24 04:13:49 +0000 2011', 'favourites_count': 974, 'utc_offset': None, 'time_zone': None, 'geo_enabled': False, 'verified': True, 'statuses_count': 12231, 'lang': None, 'contributors_enabled': False, 'is_translator': False, 'is_translation_enabled': False, 'profile_background_color': 'C0DEED', 'profile_background_image_url': 'http://abs.twimg.com/images/themes/theme1/bg.png', 'profile_background_image_url_https': 'https://abs.twimg.com/images/themes/theme1/bg.png', 'profile_background_tile': False, 'profile_image_url': 'http://pbs.twimg.com/profile_images/903111918423912448/muretERt_normal.jpg', 'profile_image_url_https': 'https://pbs.twimg.com/profile_images/903111918423912448/muretERt_normal.jpg', 'profile_banner_url': 'https://pbs.twimg.com/profile_banners/341296862/1397550411', 'profile_link_color': '1DA1F2', 'profile_sidebar_border_color': 'C0DEED', 'profile_sidebar_fill_color': 'DDEEF6', 'profile_text_color': '333333', 'profile_use_background_image': True, 'has_extended_profile': True, 'default_profile': True, 'default_profile_image': False, 'following': False, 'follow_request_sent': False, 'notifications': False, 'translator_type': 'none', 'withheld_in_countries': []}, 'geo': None, 'coordinates': None, 'place': None, 'contributors': None, 'is_quote_status': False, 'retweet_count': 669, 'favorite_count': 860, 'favorited': False, 'retweeted': False, 'possibly_sensitive': False, 'lang': 'ja'}",
13,Tue Aug 03 11:46:54 +0000 2021,1422524372313542657,1422524372313542657,"å½“ç„¶ã®å£°ã§ã—ã‚‡ã†ãŒã€ã‚¹ã‚¬ã¯ç„¡è¦–ã§ã—ã‚‡ã†ã€‚

ã€Œé‡ç—‡æ‚£è€…ä»¥å¤–ã¯è‡ªå®…ç™‚é¤Šã€â€¦æ”¿åºœã® â€œåŒ»ç™‚å´©å£Šâ€ åŒç„¶ã®ç™ºè¡¨ã«ã€Œã„ã¾ã™ãäº”è¼ªã‚„ã‚ã‚‹ã¹ãã€ã®å£°ï¼ˆSmartFLASHï¼‰ https://t.co/DYYwOJDGK8",False,"{'hashtags': [], 'symbols': [], 'user_mentions': [], 'urls': [{'url': 'https://t.co/DYYwOJDGK8', 'expanded_url': 'https://news.yahoo.co.jp/articles/8e3f8066f30d5912bfb99cd3361c8340ba3c439a', 'display_url': 'news.yahoo.co.jp/articles/8e3f8â€¦', 'indices': [81, 104]}]}","{'iso_language_code': 'ja', 'result_type': 'recent'}","<a href=""http://twitter.com/download/android"" rel=""nofollow"">Twitter for Android</a>",,,,,,"{'id': 1248795306335940608, 'id_str': '1248795306335940608', 'name': 'wakame', 'screen_name': 'wakame13495407', 'location': 'ç¾¤é¦¬çœŒ', 'description': 'æœ€è¿‘ã‚„ãŸã‚‰è…¹ã®ãŸã¤äº‹ãŒå¤šãã¦å›°ã£ã¦ã„ã‚‹å¹´é‡‘ç”Ÿæ´»è€…ã§ã™ã€‚\nã“ã‚Œã‚‚åŠ é½¢ã®ã›ã„ã§ã™ã‹ã­ã€‚', 'url': None, 'entities': {'description': {'urls': []}}, 'protected': False, 'followers_count': 63, 'friends_count': 74, 'listed_count': 0, 'created_at': 'Sat Apr 11 02:12:01 +0000 2020', 'favourites_count': 9208, 'utc_offset': None, 'time_zone': None, 'geo_enabled': False, 'verified': False, 'statuses_count': 1394, 'lang': None, 'contributors_enabled': False, 'is_translator': False, 'is_translation_enabled': False, 'profile_background_color': 'F5F8FA', 'profile_background_image_url': None, 'profile_background_image_url_https': None, 'profile_background_tile': False, 'profile_image_url': 'http://pbs.twimg.com/profile_images/1249641502642339842/70jMiarX_normal.jpg', 'profile_image_url_https': 'https://pbs.twimg.com/profile_images/1249641502642339842/70jMiarX_normal.jpg', 'profile_link_color': '1DA1F2', 'profile_sidebar_border_color': 'C0DEED', 'profile_sidebar_fill_color': 'DDEEF6', 'profile_text_color': '333333', 'profile_use_background_image': True, 'has_extended_profile': False, 'default_profile': True, 'default_profile_image': False, 'following': False, 'follow_request_sent': False, 'notifications': False, 'translator_type': 'none', 'withheld_in_countries': []}",,,,,False,0,0,False,False,False,ja,,,,
14,Tue Aug 03 11:46:22 +0000 2021,1422524238112583686,1422524238112583686,ä»•æ–¹ãªã„ã“ã¨ãªã®ã‹ã‚‚ã—ã‚Œãªã„ã‘ã©æ­»ã¬ç›´å‰ã¾ã§è‡ªå®…ã§æ”¾ç½®ã§ã„ã–æ­»ã¬ã‹ã£ã¦æ™‚ã«ç—…é™¢å…¥ã‚Œã¦ã‚‚ãŸã å°ç¶ºéº—ã«çœ‹å–ã‚Šã™ã‚‹ã ã‘ã ã‚ˆã­â€¦ç—…é™¢ã®ãƒ™ãƒƒãƒˆã§æ­»ã¬ãªã‚‰ã¾ã è«¦ã‚ã‚‚ã¤ãã‘ã©ä»Šã®åŒ»ç™‚å´©å£ŠçŠ¶æ…‹ã§ã¯çœ‹å–ã‚ŠãŸããªã„ã—æ­»ã«ãŸããªã„ãªâ€¦,False,"{'hashtags': [], 'symbols': [], 'user_mentions': [], 'urls': []}","{'iso_language_code': 'ja', 'result_type': 'recent'}","<a href=""http://twitter.com/download/iphone"" rel=""nofollow"">Twitter for iPhone</a>",,,,,,"{'id': 915219739147886592, 'id_str': '915219739147886592', 'name': 'ãŠã‚‚ã¡ï¼ ãƒ€ãƒ³ã‚¹', 'screen_name': 'omotidance', 'location': 'æ—¥æœ¬ æ±äº¬', 'description': 'æœä½œã£ãŸã‚ŠãŸã¾ã«è¸Šã‚‹äºº ç®¡ç†æ „é¤Šå£« ç„¡è¨€ãƒ•ã‚©ãƒ­ãƒ¼ã”ã‚ã‚“ãªã•ã„ğŸ™', 'url': None, 'entities': {'description': {'urls': []}}, 'protected': False, 'followers_count': 99, 'friends_count': 64, 'listed_count': 0, 'created_at': 'Tue Oct 03 14:19:24 +0000 2017', 'favourites_count': 4861, 'utc_offset': None, 'time_zone': None, 'geo_enabled': False, 'verified': False, 'statuses_count': 6448, 'lang': None, 'contributors_enabled': False, 'is_translator': False, 'is_translation_enabled': False, 'profile_background_color': 'F5F8FA', 'profile_background_image_url': None, 'profile_background_image_url_https': None, 'profile_background_tile': False, 'profile_image_url': 'http://pbs.twimg.com/profile_images/1035566211025711104/sGUPCGHL_normal.jpg', 'profile_image_url_https': 'https://pbs.twimg.com/profile_images/1035566211025711104/sGUPCGHL_normal.jpg', 'profile_banner_url': 'https://pbs.twimg.com/profile_banners/915219739147886592/1537021720', 'profile_link_color': '1DA1F2', 'profile_sidebar_border_color': 'C0DEED', 'profile_sidebar_fill_color': 'DDEEF6', 'profile_text_color': '333333', 'profile_use_background_image': True, 'has_extended_profile': False, 'default_profile': True, 'default_profile_image': False, 'following': False, 'follow_request_sent': False, 'notifications': False, 'translator_type': 'none', 'withheld_in_countries': []}",,,,,False,0,0,False,False,,ja,,,,
15,Tue Aug 03 11:45:54 +0000 2021,1422524120378470403,1422524120378470403,"ã“ã‚Œã‚’åŒ»ç™‚å´©å£Šã¨è¨€ã‚ãªã„ã®ãªã‚‰ã€ä½•ã‚’åŒ»ç™‚å´©å£Šã¨ã„ã†ã®ã ã‚ã†ã‹ï¼Ÿï¼ğŸ¤”

åŒ»ç™‚å´©å£Šã‚‚ãã†ã ãŒã€æ”¿æ²»å´©å£Šã‚‚ã—ã¦ã„ã‚‹æ°—ãŒã™ã‚‹â€¦

ã¾ãã“ã‚“ãªæœªæ¥ã«ãªã‚‹ã“ã¨ã¯å¤§ä½“æƒ³åƒã—ã¦ã„ãŸãŒâ€¦ https://t.co/wxVtDTPFVk",False,"{'hashtags': [], 'symbols': [], 'user_mentions': [], 'urls': [{'url': 'https://t.co/wxVtDTPFVk', 'expanded_url': 'https://twitter.com/yahoonewstopics/status/1422522464068800520', 'display_url': 'twitter.com/yahoonewstopicâ€¦', 'indices': [85, 108]}]}","{'iso_language_code': 'ja', 'result_type': 'recent'}","<a href=""http://twitter.com/download/iphone"" rel=""nofollow"">Twitter for iPhone</a>",,,,,,"{'id': 1194590212757704709, 'id_str': '1194590212757704709', 'name': 'ã‹ã„ã€ç±³å›½æ ªæŠ•è³‡å®¶Ã—ãƒ–ãƒ­ã‚¬ãƒ¼ã€‘', 'screen_name': 'nkslion', 'location': 'ãƒ–ãƒ­ã‚°ã¯ã“ã¡ã‚‰â‡¨', 'description': 'æŠ•è³‡å®¶æ­´3å¹´ç›®ã®24æ­³æŠ•è³‡å®¶/ä»Šå¾Œã¯ä¸å‹•ç”£è³ƒè²¸æ¥­ã‚‚è¡Œã†äºˆå®šã§ã™ï¼/40ä»£ã¾ã§ã«ã‚µã‚¤ãƒ‰FIREã™ã‚‹ï¼/æŠ•è³‡ãƒ–ãƒ­ã‚°ã‚’åŸ·ç­†ä¸­ URLã¯â†“ #20ä»£æŠ•è³‡å®¶', 'url': 'https://t.co/wA0lwf3zZN', 'entities': {'url': {'urls': [{'url': 'https://t.co/wA0lwf3zZN', 'expanded_url': 'https://kaiblognkslion.com', 'display_url': 'kaiblognkslion.com', 'indices': [0, 23]}]}, 'description': {'urls': []}}, 'protected': False, 'followers_count': 628, 'friends_count': 532, 'listed_count': 2, 'created_at': 'Wed Nov 13 12:18:03 +0000 2019', 'favourites_count': 21095, 'utc_offset': None, 'time_zone': None, 'geo_enabled': False, 'verified': False, 'statuses_count': 5967, 'lang': None, 'contributors_enabled': False, 'is_translator': False, 'is_translation_enabled': False, 'profile_background_color': 'F5F8FA', 'profile_background_image_url': None, 'profile_background_image_url_https': None, 'profile_background_tile': False, 'profile_image_url': 'http://pbs.twimg.com/profile_images/1389914467245322244/W_qm8Hv4_normal.jpg', 'profile_image_url_https': 'https://pbs.twimg.com/profile_images/1389914467245322244/W_qm8Hv4_normal.jpg', 'profile_banner_url': 'https://pbs.twimg.com/profile_banners/1194590212757704709/1610786082', 'profile_link_color': '1DA1F2', 'profile_sidebar_border_color': 'C0DEED', 'profile_sidebar_fill_color': 'DDEEF6', 'profile_text_color': '333333', 'profile_use_background_image': True, 'has_extended_profile': False, 'default_profile': True, 'default_profile_image': False, 'following': False, 'follow_request_sent': False, 'notifications': False, 'translator_type': 'none', 'withheld_in_countries': []}",,,,,True,0,0,False,False,True,ja,1.4225224640688005e+18,1422522464068800520,"{'created_at': 'Tue Aug 03 11:39:19 +0000 2021', 'id': 1422522464068800520, 'id_str': '1422522464068800520', 'text': 'ã€é¦–ç›¸ å…¥é™¢æ–°æ–¹é‡å·¡ã‚Šæ—¥åŒ»ã«è¦è«‹ã€‘\nhttps://t.co/SBzOmWItYg\n\né¦–ç›¸ã¯ã€æ–°å‹ã‚³ãƒ­ãƒŠã®é‡ç—‡è€…ã‚„é‡ç—‡åŒ–ãƒªã‚¹ã‚¯ã®ã‚ã‚‹æ‚£è€…ã«é™ã£ã¦å…¥é™¢ã‚’å—ã‘å…¥ã‚Œã‚‹ã¨ã„ã†æ–°ãŸãªæ–¹é‡ã‚’æ—¥æœ¬åŒ»å¸«ä¼šã®ä¼šé•·ã‚‰ã«èª¬æ˜ã—ã€è‡ªå®…ç™‚é¤Šã™ã‚‹æ‚£è€…ã¸ã®åŒ»ç™‚æ”¯æ´ã‚’å……å®Ÿã•ã›ã‚‹ã‚ˆã†å”åŠ›ã‚’æ±‚ã‚ãŸã€‚', 'truncated': False, 'entities': {'hashtags': [], 'symbols': [], 'user_mentions': [], 'urls': [{'url': 'https://t.co/SBzOmWItYg', 'expanded_url': 'https://yahoo.jp/GekX1e', 'display_url': 'yahoo.jp/GekX1e', 'indices': [18, 41]}]}, 'metadata': {'iso_language_code': 'ja', 'result_type': 'recent'}, 'source': '<a href=""http://dailynews.yahoo.co.jp/fc/"" rel=""nofollow"">ãƒ¤ãƒ•ãƒˆãƒ”bot</a>', 'in_reply_to_status_id': None, 'in_reply_to_status_id_str': None, 'in_reply_to_user_id': None, 'in_reply_to_user_id_str': None, 'in_reply_to_screen_name': None, 'user': {'id': 88846085, 'id_str': '88846085', 'name': 'Yahoo!ãƒ‹ãƒ¥ãƒ¼ã‚¹', 'screen_name': 'YahooNewsTopics', 'location': '', 'description': 'Yahoo!ãƒ‹ãƒ¥ãƒ¼ã‚¹ã®å…¬å¼ã‚¢ã‚«ã‚¦ãƒ³ãƒˆã§ã™ã€‚365æ—¥24æ™‚é–“ã€Yahoo! JAPANãƒˆãƒƒãƒ—ãƒšãƒ¼ã‚¸ã«æ²å‡ºã•ã‚Œã‚‹è©±é¡Œã‚’é€Ÿå ±ã§ãŠå±Šã‘ã€‚â€»æ ªå¼ä¼šç¤¾ã‚¢ãƒ•ãƒ­ç¤¾æä¾›ã®å†™çœŸã‚’ä½¿ç”¨ã—ã¦ã„ã‚‹å ´åˆãŒã‚ã‚Šã¾ã™ã€‚', 'url': 'https://t.co/PORT0VCtyG', 'entities': {'url': {'urls': [{'url': 'https://t.co/PORT0VCtyG', 'expanded_url': 'https://news.yahoo.co.jp/', 'display_url': 'news.yahoo.co.jp', 'indices': [0, 23]}]}, 'description': {'urls': []}}, 'protected': False, 'followers_count': 1012544, 'friends_count': 11, 'listed_count': 18203, 'created_at': 'Tue Nov 10 03:59:51 +0000 2009', 'favourites_count': 1, 'utc_offset': None, 'time_zone': None, 'geo_enabled': False, 'verified': True, 'statuses_count': 413483, 'lang': None, 'contributors_enabled': False, 'is_translator': False, 'is_translation_enabled': False, 'profile_background_color': 'DFD7C7', 'profile_background_image_url': 'http://abs.twimg.com/images/themes/theme1/bg.png', 'profile_background_image_url_https': 'https://abs.twimg.com/images/themes/theme1/bg.png', 'profile_background_tile': True, 'profile_image_url': 'http://pbs.twimg.com/profile_images/875506779743895552/jqN_tEe4_normal.jpg', 'profile_image_url_https': 'https://pbs.twimg.com/profile_images/875506779743895552/jqN_tEe4_normal.jpg', 'profile_banner_url': 'https://pbs.twimg.com/profile_banners/88846085/1557715365', 'profile_link_color': '0084B4', 'profile_sidebar_border_color': 'A1A33B', 'profile_sidebar_fill_color': 'FFFCDE', 'profile_text_color': '333333', 'profile_use_background_image': True, 'has_extended_profile': False, 'default_profile': False, 'default_profile_image': False, 'following': False, 'follow_request_sent': False, 'notifications': False, 'translator_type': 'none', 'withheld_in_countries': []}, 'geo': None, 'coordinates': None, 'place': None, 'contributors': None, 'is_quote_status': False, 'retweet_count': 39, 'favorite_count': 56, 'favorited': False, 'retweeted': False, 'possibly_sensitive': False, 'lang': 'ja'}",
16,Tue Aug 03 11:45:44 +0000 2021,1422524078426976259,1422524078426976259,ãƒ¯ã‚¯ãƒãƒ³ã¯åŠ¹æœãŒã‚ã£ã¦ã‚‚æ­»ã¬ã»ã©ã®é‡ç—‡ã«ã¯ãªã‚‰ãªã„ç¨‹åº¦ã ã‹ã‚‰ã€æ„ŸæŸ“é˜²æ­¢å¯¾ç­–ã‚’æ€ ã‚Œã°æœ€æ‚ªä¸­ç­‰ç—‡ãã‚‰ã„ã¾ã§ã¯ã„ãã€‚ç¾åœ¨ã®ã‚ˆã†ãªåŒ»ç™‚å´©å£Šã‚’æ”¹å–„ã™ã‚‹è¦ç´ ã¯ãªã„ã€‚,False,"{'hashtags': [], 'symbols': [], 'user_mentions': [], 'urls': []}","{'iso_language_code': 'ja', 'result_type': 'recent'}","<a href=""http://twitter.com/download/android"" rel=""nofollow"">Twitter for Android</a>",,,,,,"{'id': 108288113, 'id_str': '108288113', 'name': 'ã‚¨ãƒ³=ãƒ‰ã‚¦ãƒŠ=ã‚ªã‚­', 'screen_name': 'NakedOnion1979M', 'location': 'åƒè‘‰çœŒé¦™å–å¸‚', 'description': 'å¥½ããªã‚‚ã®ã¯ã€ãƒ©ã‚¸ã‚ªã€ãƒãƒªãƒ¼ãƒ³ã‚ºã€ãŠç¬‘ã„ã€æ­´å²ã€Ingress(ENL è»¢ç”ŸA8)ã€ãƒã‚±GOèµ¤ã€ãƒ†ã‚¯ãƒ†ã‚¯ã€ç¦è©±ã€etcã€‚ RTå¤šã‚ã€‚æ”¿æ²»ã¸ã®å£å‡ºã—å¤šã‚ã€‚åŸºæœ¬çš„ã«ãƒ€ãƒ¡ãªäººã€‚ ä¸–ã®ä¸­ã®ã¯ãšã‚Œã®æ–¹ã«ã„ã¾ã™ã€‚å‰²ã¨ã‚¹ãƒŠãƒƒã‚¯æ„Ÿè¦šã§ãƒ–ãƒ­ãƒƒã‚¯ã—ã¾ã™ã€‚ç–«ç—…é€€æ•£ã§ã‚»ã‚¯ãƒ¡ãƒˆã¿ã‚’å‡ºã—ã¦ãŠã‚Šã¾ã™ã€‚', 'url': None, 'entities': {'description': {'urls': []}}, 'protected': False, 'followers_count': 1150, 'friends_count': 2704, 'listed_count': 37, 'created_at': 'Mon Jan 25 13:17:41 +0000 2010', 'favourites_count': 142548, 'utc_offset': None, 'time_zone': None, 'geo_enabled': True, 'verified': False, 'statuses_count': 203185, 'lang': None, 'contributors_enabled': False, 'is_translator': False, 'is_translation_enabled': False, 'profile_background_color': 'C0DEED', 'profile_background_image_url': 'http://abs.twimg.com/images/themes/theme1/bg.png', 'profile_background_image_url_https': 'https://abs.twimg.com/images/themes/theme1/bg.png', 'profile_background_tile': False, 'profile_image_url': 'http://pbs.twimg.com/profile_images/1337932841284341762/CjqvhUUn_normal.jpg', 'profile_image_url_https': 'https://pbs.twimg.com/profile_images/1337932841284341762/CjqvhUUn_normal.jpg', 'profile_banner_url': 'https://pbs.twimg.com/profile_banners/108288113/1583674712', 'profile_link_color': '1DA1F2', 'profile_sidebar_border_color': 'C0DEED', 'profile_sidebar_fill_color': 'DDEEF6', 'profile_text_color': '333333', 'profile_use_background_image': True, 'has_extended_profile': False, 'default_profile': True, 'default_profile_image': False, 'following': False, 'follow_request_sent': False, 'notifications': False, 'translator_type': 'none', 'withheld_in_countries': []}",,,,,False,0,1,False,False,,ja,,,,
17,Tue Aug 03 11:45:40 +0000 2021,1422524065017864196,1422524065017864196,ã¨ã†ã¨ã†ã€ãƒˆãƒªã‚¢ãƒ¼ã‚¸ã«ãªã£ã¡ã‚ƒã„ãã†ãªã®ã­â€¦ã‚‚ã†ã€ç†±ä¸­ç—‡ã ã®ä¸æ³¨æ„ã®äº‹æ•…ã ã®æ•‘æ€¥è»Šã®ãŠä¸–è©±ã«ãªã‚‰ãªã„ã‚ˆã†ã«ã—ãªãã¡ã‚ƒã€‚åŒ»ç™‚å´©å£Šã¯ã™ããã“ã«ã€‚,False,"{'hashtags': [], 'symbols': [], 'user_mentions': [], 'urls': []}","{'iso_language_code': 'ja', 'result_type': 'recent'}","<a href=""http://twitter.com/download/iphone"" rel=""nofollow"">Twitter for iPhone</a>",,,,,,"{'id': 1137213805, 'id_str': '1137213805', 'name': 'ã¿ãƒ¼ã•ã‚“', 'screen_name': 'Mina311Mina', 'location': '', 'description': 'marching COURAGE å‹æ‰‹ã«ã‚«ãƒ¡ãƒ©ã‚¦ãƒ¼ãƒãƒ³ã—ã¦ã¾ã™ æœ¬æ¥­ ãƒ¨ã‚¬ã‚¤ãƒ³ã‚¹ãƒˆãƒ©ã‚¯ã‚¿ãƒ¼ ãƒˆãƒ¬ãƒ¼ãƒŠãƒ¼ ç­‹è†œãƒªãƒªãƒ¼ã‚¹ãƒã‚¹ã‚¿ãƒ¼ 2020ã¯ç¾å½¹æ——æŒ¯ã‚Šã«æˆ»ã‚Šã¾ã—ãŸãƒ¼', 'url': 'https://t.co/ID6MIV4qC9', 'entities': {'url': {'urls': [{'url': 'https://t.co/ID6MIV4qC9', 'expanded_url': 'https://www.instagram.com/mina.z1r/', 'display_url': 'instagram.com/mina.z1r/', 'indices': [0, 23]}]}, 'description': {'urls': []}}, 'protected': False, 'followers_count': 177, 'friends_count': 239, 'listed_count': 1, 'created_at': 'Thu Jan 31 15:01:01 +0000 2013', 'favourites_count': 7619, 'utc_offset': None, 'time_zone': None, 'geo_enabled': True, 'verified': False, 'statuses_count': 2669, 'lang': None, 'contributors_enabled': False, 'is_translator': False, 'is_translation_enabled': False, 'profile_background_color': 'C0DEED', 'profile_background_image_url': 'http://abs.twimg.com/images/themes/theme1/bg.png', 'profile_background_image_url_https': 'https://abs.twimg.com/images/themes/theme1/bg.png', 'profile_background_tile': False, 'profile_image_url': 'http://pbs.twimg.com/profile_images/1386286193491406858/huCy3FCM_normal.jpg', 'profile_image_url_https': 'https://pbs.twimg.com/profile_images/1386286193491406858/huCy3FCM_normal.jpg', 'profile_banner_url': 'https://pbs.twimg.com/profile_banners/1137213805/1538382657', 'profile_link_color': '1DA1F2', 'profile_sidebar_border_color': 'C0DEED', 'profile_sidebar_fill_color': 'DDEEF6', 'profile_text_color': '333333', 'profile_use_background_image': True, 'has_extended_profile': True, 'default_profile': True, 'default_profile_image': False, 'following': False, 'follow_request_sent': False, 'notifications': False, 'translator_type': 'none', 'withheld_in_countries': []}",,,,,False,0,0,False,False,,ja,,,,
18,Tue Aug 03 11:45:09 +0000 2021,1422523932742021127,1422523932742021127,"ã¾ã äº”è¼ªã‚„ã‚‹ã®ï¼Ÿ
ä¸­ç­‰ç—‡ï¼ˆè‚ºç‚ãƒ»å‘¼å¸å›°é›£ï¼‰ã‚‚åŸå‰‡è‡ªå®…ç™‚é¤Šã«ãªã‚‹ã»ã©åŒ»ç™‚å´©å£ŠãŒé€²ã‚“ã§ã„ã‚‹ã®ã«ã€‚
äº”è¼ªé–¢ä¿‚è€…ã®ãŸã‚ã«ç—…åºŠã¨åŒ»ç™‚å¾“äº‹è€…æ•°åƒäººãŒå–ã‚‰ã‚Œã¦ã‚‹ã€‚äº”è¼ªã‚’ã‚„ã‚ã‚Œã°ãã®åˆ†å‘½ãŒåŠ©ã‹ã‚‹ã€‚ã€å‘½ã‚ˆã‚Šäº”è¼ªã€ã®æ”¿æ¨©ã¯ã„ã‚‰ãªã„ã€‚â€¦ https://t.co/gYh0V8kRfv",True,"{'hashtags': [], 'symbols': [], 'user_mentions': [], 'urls': [{'url': 'https://t.co/gYh0V8kRfv', 'expanded_url': 'https://twitter.com/i/web/status/1422523932742021127', 'display_url': 'twitter.com/i/web/status/1â€¦', 'indices': [108, 131]}]}","{'iso_language_code': 'ja', 'result_type': 'recent'}","<a href=""http://twitter.com/download/iphone"" rel=""nofollow"">Twitter for iPhone</a>",,,,,,"{'id': 1206283765, 'id_str': '1206283765', 'name': 'myuji', 'screen_name': 'yufurat', 'location': '', 'description': 'éŸ³æ¥½ã¨è‡ªç„¶ã¨ãƒ•ã‚¸ãƒ­ãƒƒã‚¯ãŒå¥½ãã€‚æ”¿æ²»ãŒæ°—ã«ãªã‚‹ã€‚ å¯›å®¹ãªç¤¾ä¼šã¸ã€‚å·®åˆ¥ã¯è¨±å®¹ã—ãªã„ã€‚ã‚¢ãƒ¼ãƒ†ã‚£ã‚¹ãƒˆ: OGRE YOU ASSHOLEã€è¸Šã£ã¦ã°ã‹ã‚Šã®å›½ã€D.A.N.ã€é›»æ°—ã‚°ãƒ«ãƒ¼ãƒ´ã€‚', 'url': None, 'entities': {'description': {'urls': []}}, 'protected': False, 'followers_count': 265, 'friends_count': 556, 'listed_count': 2, 'created_at': 'Thu Feb 21 23:33:19 +0000 2013', 'favourites_count': 4883, 'utc_offset': None, 'time_zone': None, 'geo_enabled': False, 'verified': False, 'statuses_count': 34933, 'lang': None, 'contributors_enabled': False, 'is_translator': False, 'is_translation_enabled': False, 'profile_background_color': 'C0DEED', 'profile_background_image_url': 'http://abs.twimg.com/images/themes/theme1/bg.png', 'profile_background_image_url_https': 'https://abs.twimg.com/images/themes/theme1/bg.png', 'profile_background_tile': False, 'profile_image_url': 'http://pbs.twimg.com/profile_images/1093508577619148800/u7xoggdC_normal.jpg', 'profile_image_url_https': 'https://pbs.twimg.com/profile_images/1093508577619148800/u7xoggdC_normal.jpg', 'profile_banner_url': 'https://pbs.twimg.com/profile_banners/1206283765/1549547737', 'profile_link_color': '1DA1F2', 'profile_sidebar_border_color': 'C0DEED', 'profile_sidebar_fill_color': 'DDEEF6', 'profile_text_color': '333333', 'profile_use_background_image': True, 'has_extended_profile': False, 'default_profile': True, 'default_profile_image': False, 'following': False, 'follow_request_sent': False, 'notifications': False, 'translator_type': 'none', 'withheld_in_countries': []}",,,,,False,0,0,False,False,False,ja,,,,
19,Tue Aug 03 11:45:03 +0000 2021,1422523906422939676,1422523906422939676,åŒ—æµ·é“ã®åŒ»ç™‚å´©å£Šã‚’è¦‹ãŸåŒ»å¸«ãŒäºˆè¨€ã€€ã€Œæ¥é€±ã‹ã‚‰æ±äº¬ã§ã¯é‡ç—‡è€…ãŒãƒ‰ãƒ¼ãƒ³ã¨å‡ºã¦ãã‚‹ãŒå…¥é™¢ã§ããªã„ã€ https://t.co/fM5iFwmDwL https://t.co/6qtDh0S5TT,False,"{'hashtags': [], 'symbols': [], 'user_mentions': [], 'urls': [{'url': 'https://t.co/fM5iFwmDwL', 'expanded_url': 'https://buff.ly/2WR2HLt', 'display_url': 'buff.ly/2WR2HLt', 'indices': [47, 70]}], 'media': [{'id': 1422523905244340233, 'id_str': '1422523905244340233', 'indices': [71, 94], 'media_url': 'http://pbs.twimg.com/media/E73R9HiXIAknpMs.jpg', 'media_url_https': 'https://pbs.twimg.com/media/E73R9HiXIAknpMs.jpg', 'url': 'https://t.co/6qtDh0S5TT', 'display_url': 'pic.twitter.com/6qtDh0S5TT', 'expanded_url': 'https://twitter.com/kazasimonohitob/status/1422523906422939676/photo/1', 'type': 'photo', 'sizes': {'thumb': {'w': 150, 'h': 150, 'resize': 'crop'}, 'large': {'w': 600, 'h': 400, 'resize': 'fit'}, 'small': {'w': 600, 'h': 400, 'resize': 'fit'}, 'medium': {'w': 600, 'h': 400, 'resize': 'fit'}}}]}","{'iso_language_code': 'ja', 'result_type': 'recent'}","<a href=""https://www.hootsuite.com"" rel=""nofollow"">Hootsuite Inc.</a>",,,,,,"{'id': 278434326, 'id_str': '278434326', 'name': 'é¢¨ä¸‹ã®äººã€…', 'screen_name': 'kazasimonohitob', 'location': 'japan', 'description': 'é¢¨ä¸‹ã®ä¼š\u3000ç¦å³¶ã®è³‡æ–™ç½®ãå ´ã§ã™ã€‚è²åŸæµ©ã•ã‚“ã®\u3000é¢¨ã—ã‚‚ã®æ‘ã‹ã‚‰æ‹å€Ÿã—ã¦ã„ã¾ã™', 'url': 'http://t.co/lR9I7e3VgV', 'entities': {'url': {'urls': [{'url': 'http://t.co/lR9I7e3VgV', 'expanded_url': 'http://bit.ly/fZrkGk', 'display_url': 'bit.ly/fZrkGk', 'indices': [0, 22]}]}, 'description': {'urls': []}}, 'protected': False, 'followers_count': 1029, 'friends_count': 1155, 'listed_count': 67, 'created_at': 'Thu Apr 07 08:14:38 +0000 2011', 'favourites_count': 15, 'utc_offset': None, 'time_zone': None, 'geo_enabled': True, 'verified': False, 'statuses_count': 84539, 'lang': None, 'contributors_enabled': False, 'is_translator': False, 'is_translation_enabled': False, 'profile_background_color': 'C0DEED', 'profile_background_image_url': 'http://abs.twimg.com/images/themes/theme1/bg.png', 'profile_background_image_url_https': 'https://abs.twimg.com/images/themes/theme1/bg.png', 'profile_background_tile': False, 'profile_image_url': 'http://pbs.twimg.com/profile_images/655049654531305472/QCNpB6cS_normal.jpg', 'profile_image_url_https': 'https://pbs.twimg.com/profile_images/655049654531305472/QCNpB6cS_normal.jpg', 'profile_link_color': '1DA1F2', 'profile_sidebar_border_color': 'C0DEED', 'profile_sidebar_fill_color': 'DDEEF6', 'profile_text_color': '333333', 'profile_use_background_image': True, 'has_extended_profile': False, 'default_profile': True, 'default_profile_image': False, 'following': False, 'follow_request_sent': False, 'notifications': False, 'translator_type': 'none', 'withheld_in_countries': []}",,,,,False,0,0,False,False,False,ja,,,,"{'media': [{'id': 1422523905244340233, 'id_str': '1422523905244340233', 'indices': [71, 94], 'media_url': 'http://pbs.twimg.com/media/E73R9HiXIAknpMs.jpg', 'media_url_https': 'https://pbs.twimg.com/media/E73R9HiXIAknpMs.jpg', 'url': 'https://t.co/6qtDh0S5TT', 'display_url': 'pic.twitter.com/6qtDh0S5TT', 'expanded_url': 'https://twitter.com/kazasimonohitob/status/1422523906422939676/photo/1', 'type': 'photo', 'sizes': {'thumb': {'w': 150, 'h': 150, 'resize': 'crop'}, 'large': {'w': 600, 'h': 400, 'resize': 'fit'}, 'small': {'w': 600, 'h': 400, 'resize': 'fit'}, 'medium': {'w': 600, 'h': 400, 'resize': 'fit'}}}]}"
