,created_at,id,id_str,text,truncated,entities,metadata,source,in_reply_to_status_id,in_reply_to_status_id_str,in_reply_to_user_id,in_reply_to_user_id_str,in_reply_to_screen_name,user,geo,coordinates,place,contributors,is_quote_status,retweet_count,favorite_count,favorited,retweeted,lang,extended_entities,possibly_sensitive,quoted_status_id,quoted_status_id_str,quoted_status
0,Tue Aug 03 11:47:50 +0000 2021,1422524608834539527,1422524608834539527,PCRæ•™ã€ã‚³ãƒ­ãƒŠè„³ã€åæ—¥ã€‚ã»ã„ã»ã„ã»ãƒ¼ã„,False,"{'hashtags': [], 'symbols': [], 'user_mentions': [], 'urls': []}","{'iso_language_code': 'ja', 'result_type': 'recent'}","<a href=""http://twitter.com/download/iphone"" rel=""nofollow"">Twitter for iPhone</a>",,,,,,"{'id': 2617291758, 'id_str': '2617291758', 'name': 'anaismiâµ–âµ âµ¢âµ”â´¿âµ™', 'screen_name': 'anaismiysk', 'location': 'ÙŠØ§Ş‚Ş‹', 'description': 'ã‚ãªã„ã™ã¿ãƒ¼ã‚„ãã“~ ã‚°ãƒƒã‚º â–·https://t.co/lTjFPyaRj1 ğŸ’µâ–¶ï¸https://t.co/qMmCOOVLxs', 'url': 'https://t.co/4rFMTGSbfC', 'entities': {'url': {'urls': [{'url': 'https://t.co/4rFMTGSbfC', 'expanded_url': 'https://linktr.ee/anaismiysk', 'display_url': 'linktr.ee/anaismiysk', 'indices': [0, 23]}]}, 'description': {'urls': [{'url': 'https://t.co/lTjFPyaRj1', 'expanded_url': 'http://suzuri.jp/anaismiysk', 'display_url': 'suzuri.jp/anaismiysk', 'indices': [16, 39]}, {'url': 'https://t.co/qMmCOOVLxs', 'expanded_url': 'https://ofuse.me/anaismiysk', 'display_url': 'ofuse.me/anaismiysk', 'indices': [43, 66]}]}}, 'protected': False, 'followers_count': 1210, 'friends_count': 1122, 'listed_count': 12, 'created_at': 'Fri Jul 11 12:50:18 +0000 2014', 'favourites_count': 13570, 'utc_offset': None, 'time_zone': None, 'geo_enabled': True, 'verified': False, 'statuses_count': 5695, 'lang': None, 'contributors_enabled': False, 'is_translator': False, 'is_translation_enabled': False, 'profile_background_color': '000000', 'profile_background_image_url': 'http://abs.twimg.com/images/themes/theme1/bg.png', 'profile_background_image_url_https': 'https://abs.twimg.com/images/themes/theme1/bg.png', 'profile_background_tile': False, 'profile_image_url': 'http://pbs.twimg.com/profile_images/692015059577339905/_eCIOm0D_normal.png', 'profile_image_url_https': 'https://pbs.twimg.com/profile_images/692015059577339905/_eCIOm0D_normal.png', 'profile_banner_url': 'https://pbs.twimg.com/profile_banners/2617291758/1480851347', 'profile_link_color': '43E6D5', 'profile_sidebar_border_color': '000000', 'profile_sidebar_fill_color': '000000', 'profile_text_color': '000000', 'profile_use_background_image': False, 'has_extended_profile': True, 'default_profile': False, 'default_profile_image': False, 'following': False, 'follow_request_sent': False, 'notifications': False, 'translator_type': 'none', 'withheld_in_countries': []}",,,,,False,0,0,False,False,ja,,,,,
1,Tue Aug 03 11:46:52 +0000 2021,1422524366022090754,1422524366022090754,"ã‚ãƒ¼ã€ã“ã‚Œã ã‹ã‚‰ã‚³ãƒ­ãƒŠè„³ã¯wwww

ã‚³ãƒ­ãƒŠè„³ã¯ãƒã‚¸ã§ã‚³ãƒ­ãƒŠã§æ­»ã­ã‚ˆã€‚å‘¨ã‚Šã«è¿·æƒ‘ã‹ã‘ã‚“ãªã‚ˆwwww",False,"{'hashtags': [], 'symbols': [], 'user_mentions': [], 'urls': []}","{'iso_language_code': 'ja', 'result_type': 'recent'}","<a href=""http://theworld09.com"" rel=""nofollow"">TheWorld iOS</a>",,,,,,"{'id': 565342110, 'id_str': '565342110', 'name': 'âœ\u30007\u3000å·\u3000æ©Ÿ\u3000âœ', 'screen_name': '7_7__7_', 'location': 'ã„ã®ã‚Šã¾ã¡', 'description': 'ã‚¢ãƒ‹ãƒ¡æƒ…å ±ã‚µã‚¤ãƒˆã€ã«ã˜ã ã‚‰ã€ç®¡ç†äºº/è©³ã—ã•ã‚’é‡è¦–ã—ãŸã€ã‚¢ãƒ‹ãƒ¡å¥½ãã«æœ‰ç›Šãªæƒ…å ±ã‚’æä¾›ã™ã‚‹ã“ã¨ã‚’ç›®æ¨™ã«ã—ã¦ã„ã¾ã™ã€‚/è¦æœ›ç­‰ã¯DMã¾ãŸã¯ contact@nizidara.com ã«ãƒ¡ãƒ¼ãƒ«ã‚’ãŠé¡˜ã„ã—ã¾ã™/ãƒ‹ãƒ¼ãƒˆæ­´6å¹´ç›®ãƒ»ç‹­ç¾©ã®ã²ãã“ã‚‚ã‚Šæ­´2å¹´ç›® #PrayForKyoani', 'url': 'https://t.co/GrwT9lRlC8', 'entities': {'url': {'urls': [{'url': 'https://t.co/GrwT9lRlC8', 'expanded_url': 'https://nizidara.com/', 'display_url': 'nizidara.com', 'indices': [0, 23]}]}, 'description': {'urls': []}}, 'protected': False, 'followers_count': 9576, 'friends_count': 2747, 'listed_count': 78, 'created_at': 'Sat Apr 28 08:02:07 +0000 2012', 'favourites_count': 56028, 'utc_offset': None, 'time_zone': None, 'geo_enabled': False, 'verified': False, 'statuses_count': 150983, 'lang': None, 'contributors_enabled': False, 'is_translator': False, 'is_translation_enabled': False, 'profile_background_color': '000000', 'profile_background_image_url': 'http://abs.twimg.com/images/themes/theme4/bg.gif', 'profile_background_image_url_https': 'https://abs.twimg.com/images/themes/theme4/bg.gif', 'profile_background_tile': False, 'profile_image_url': 'http://pbs.twimg.com/profile_images/703164927700180992/5jF7KVp4_normal.jpg', 'profile_image_url_https': 'https://pbs.twimg.com/profile_images/703164927700180992/5jF7KVp4_normal.jpg', 'profile_banner_url': 'https://pbs.twimg.com/profile_banners/565342110/1609428754', 'profile_link_color': '981CEB', 'profile_sidebar_border_color': '000000', 'profile_sidebar_fill_color': '000000', 'profile_text_color': '000000', 'profile_use_background_image': False, 'has_extended_profile': False, 'default_profile': False, 'default_profile_image': False, 'following': False, 'follow_request_sent': False, 'notifications': False, 'translator_type': 'none', 'withheld_in_countries': []}",,,,,False,0,0,False,False,ja,,,,,
2,Tue Aug 03 11:45:10 +0000 2021,1422523936902848514,1422523936902848514,ã‚³ãƒ­ãƒŠè„³ã®çˆ¶è¦ªã«å‚·å®³ã‚’å—ã‘ãŸ https://t.co/1Lw82kJoSw,False,"{'hashtags': [], 'symbols': [], 'user_mentions': [], 'urls': [], 'media': [{'id': 1422523934637846528, 'id_str': '1422523934637846528', 'indices': [15, 38], 'media_url': 'http://pbs.twimg.com/media/E73R-1CUcAAvvru.jpg', 'media_url_https': 'https://pbs.twimg.com/media/E73R-1CUcAAvvru.jpg', 'url': 'https://t.co/1Lw82kJoSw', 'display_url': 'pic.twitter.com/1Lw82kJoSw', 'expanded_url': 'https://twitter.com/7_7__7_/status/1422523936902848514/photo/1', 'type': 'photo', 'sizes': {'large': {'w': 720, 'h': 960, 'resize': 'fit'}, 'thumb': {'w': 150, 'h': 150, 'resize': 'crop'}, 'medium': {'w': 720, 'h': 960, 'resize': 'fit'}, 'small': {'w': 510, 'h': 680, 'resize': 'fit'}}}]}","{'iso_language_code': 'ja', 'result_type': 'recent'}","<a href=""http://theworld09.com"" rel=""nofollow"">TheWorld iOS</a>",,,,,,"{'id': 565342110, 'id_str': '565342110', 'name': 'âœ\u30007\u3000å·\u3000æ©Ÿ\u3000âœ', 'screen_name': '7_7__7_', 'location': 'ã„ã®ã‚Šã¾ã¡', 'description': 'ã‚¢ãƒ‹ãƒ¡æƒ…å ±ã‚µã‚¤ãƒˆã€ã«ã˜ã ã‚‰ã€ç®¡ç†äºº/è©³ã—ã•ã‚’é‡è¦–ã—ãŸã€ã‚¢ãƒ‹ãƒ¡å¥½ãã«æœ‰ç›Šãªæƒ…å ±ã‚’æä¾›ã™ã‚‹ã“ã¨ã‚’ç›®æ¨™ã«ã—ã¦ã„ã¾ã™ã€‚/è¦æœ›ç­‰ã¯DMã¾ãŸã¯ contact@nizidara.com ã«ãƒ¡ãƒ¼ãƒ«ã‚’ãŠé¡˜ã„ã—ã¾ã™/ãƒ‹ãƒ¼ãƒˆæ­´6å¹´ç›®ãƒ»ç‹­ç¾©ã®ã²ãã“ã‚‚ã‚Šæ­´2å¹´ç›® #PrayForKyoani', 'url': 'https://t.co/GrwT9lRlC8', 'entities': {'url': {'urls': [{'url': 'https://t.co/GrwT9lRlC8', 'expanded_url': 'https://nizidara.com/', 'display_url': 'nizidara.com', 'indices': [0, 23]}]}, 'description': {'urls': []}}, 'protected': False, 'followers_count': 9576, 'friends_count': 2747, 'listed_count': 78, 'created_at': 'Sat Apr 28 08:02:07 +0000 2012', 'favourites_count': 56028, 'utc_offset': None, 'time_zone': None, 'geo_enabled': False, 'verified': False, 'statuses_count': 150983, 'lang': None, 'contributors_enabled': False, 'is_translator': False, 'is_translation_enabled': False, 'profile_background_color': '000000', 'profile_background_image_url': 'http://abs.twimg.com/images/themes/theme4/bg.gif', 'profile_background_image_url_https': 'https://abs.twimg.com/images/themes/theme4/bg.gif', 'profile_background_tile': False, 'profile_image_url': 'http://pbs.twimg.com/profile_images/703164927700180992/5jF7KVp4_normal.jpg', 'profile_image_url_https': 'https://pbs.twimg.com/profile_images/703164927700180992/5jF7KVp4_normal.jpg', 'profile_banner_url': 'https://pbs.twimg.com/profile_banners/565342110/1609428754', 'profile_link_color': '981CEB', 'profile_sidebar_border_color': '000000', 'profile_sidebar_fill_color': '000000', 'profile_text_color': '000000', 'profile_use_background_image': False, 'has_extended_profile': False, 'default_profile': False, 'default_profile_image': False, 'following': False, 'follow_request_sent': False, 'notifications': False, 'translator_type': 'none', 'withheld_in_countries': []}",,,,,False,0,0,False,False,ja,"{'media': [{'id': 1422523934637846528, 'id_str': '1422523934637846528', 'indices': [15, 38], 'media_url': 'http://pbs.twimg.com/media/E73R-1CUcAAvvru.jpg', 'media_url_https': 'https://pbs.twimg.com/media/E73R-1CUcAAvvru.jpg', 'url': 'https://t.co/1Lw82kJoSw', 'display_url': 'pic.twitter.com/1Lw82kJoSw', 'expanded_url': 'https://twitter.com/7_7__7_/status/1422523936902848514/photo/1', 'type': 'photo', 'sizes': {'large': {'w': 720, 'h': 960, 'resize': 'fit'}, 'thumb': {'w': 150, 'h': 150, 'resize': 'crop'}, 'medium': {'w': 720, 'h': 960, 'resize': 'fit'}, 'small': {'w': 510, 'h': 680, 'resize': 'fit'}}}]}",False,,,
3,Tue Aug 03 11:44:49 +0000 2021,1422523850772729857,1422523850772729857,ãƒ¯ã‚·ãŒãƒ•ã‚©ãƒ­ãƒ¼ã—ã¦ã„ãŸæŸæ°ã€ï½¢ã‚³ãƒ­ãƒŠå¾Œéºç—‡ã¯è„³ã®å™¨è³ªçš„ç–¾æ‚£ï¼ï¼ï¼ä½•æ•…ãªã‚‰â—‹â—‹ç—…ã¨ç—‡çŠ¶ä¼¼ã¦ã‚‹ã‹ã‚‰ï¼ï¼ï¼ï½£ã€è·¯ç·šã«è¡Œã£ã¦ã—ã¾ã‚ã‚ŒãŸæ§˜å­ğŸ˜‡ã€‚ãªã‚“ã§è²´æ–¹ãŒä¸–ç•Œæœ€å…ˆç«¯ã®è¬(ã¾ã ãã‚“ãªã«ï½¢ã¡ã‚ƒã‚“ã¨ã—ãŸï½£è«–æ–‡ãªã„ã‚ˆã­)ã‚’ã‚¯ãƒªã‚¢ã‚«ãƒƒãƒˆã«æ–­ã˜ã‚‰ã‚Œã‚‹ã®ã‚ˆğŸ‘€,False,"{'hashtags': [], 'symbols': [], 'user_mentions': [], 'urls': []}","{'iso_language_code': 'ja', 'result_type': 'recent'}","<a href=""http://twitter.com/download/android"" rel=""nofollow"">Twitter for Android</a>",,,,,,"{'id': 1526735832, 'id_str': '1526735832', 'name': 'ãƒãƒ¼ãƒŠã¡ã‚ƒã‚“', 'screen_name': 'cheena_chan', 'location': 'ä¸‰ãƒ¶æ—¥ã¿ã‹ã‚“ğŸŠ', 'description': 'æœ¬æ¥­â†’é›¶ç´°é§è»Šå ´çµŒå–¶ã€‚ã€Œã„ã„ã­ã€ã‚ˆã‚Šã€Œãƒªãƒ„ã‚¤ãƒ¼ãƒˆã€ãŒå¥½ãã§ã™ã€‚ã¿ã‚“ãªãƒªãƒ„ã‚¤ãƒ¼ãƒˆã—ã¦ã­\u3000ç–é–‹å ´æ‰€â†’@parkingsmall\u3000å­¦å£«(chinbology, 2020å¹´)\nå°‘ã—ã ã‘å¾©æ´»ã€è¿”ä¿¡ã¯ä¸å®šæœŸã€ä¸”ã¤ããã‚ã‚¹ãƒã‚½', 'url': 'https://t.co/khC4gvrZmO', 'entities': {'url': {'urls': [{'url': 'https://t.co/khC4gvrZmO', 'expanded_url': 'https://peing.net/ja/cheena_chan?event=0', 'display_url': 'peing.net/ja/cheena_chanâ€¦', 'indices': [0, 23]}]}, 'description': {'urls': []}}, 'protected': False, 'followers_count': 330, 'friends_count': 61, 'listed_count': 12, 'created_at': 'Tue Jun 18 05:03:07 +0000 2013', 'favourites_count': 5, 'utc_offset': None, 'time_zone': None, 'geo_enabled': True, 'verified': False, 'statuses_count': 53770, 'lang': None, 'contributors_enabled': False, 'is_translator': False, 'is_translation_enabled': False, 'profile_background_color': 'C0DEED', 'profile_background_image_url': 'http://abs.twimg.com/images/themes/theme1/bg.png', 'profile_background_image_url_https': 'https://abs.twimg.com/images/themes/theme1/bg.png', 'profile_background_tile': False, 'profile_image_url': 'http://pbs.twimg.com/profile_images/1260971591128637441/ehlrWehb_normal.png', 'profile_image_url_https': 'https://pbs.twimg.com/profile_images/1260971591128637441/ehlrWehb_normal.png', 'profile_banner_url': 'https://pbs.twimg.com/profile_banners/1526735832/1609726263', 'profile_link_color': '1DA1F2', 'profile_sidebar_border_color': 'C0DEED', 'profile_sidebar_fill_color': 'DDEEF6', 'profile_text_color': '333333', 'profile_use_background_image': True, 'has_extended_profile': False, 'default_profile': True, 'default_profile_image': False, 'following': False, 'follow_request_sent': False, 'notifications': False, 'translator_type': 'none', 'withheld_in_countries': []}",,,,,False,0,0,False,False,ja,,,,,
4,Tue Aug 03 11:43:54 +0000 2021,1422523619997929478,1422523619997929478,"ã¿ã‚“ãªã‹ã‚‰ã®åŒ¿åè³ªå•ã‚’å‹Ÿé›†ä¸­ï¼

ã“ã‚“ãªè³ªå•ã«ç­”ãˆã¦ã‚‹ã‚ˆ
â— ãƒã‚±ãƒ¢ãƒ³ã‚²ãƒ¼ãƒ ã§
åˆã‚ã¦ã€å…‰ã‚‰â€¦
â— ãƒªãƒ¡ã‚¤ã‚¯ã—ã¦ã»ã—ã„ã‚²ãƒ¼ãƒ ã£ã¦ã‚â€¦
â— ä»Šã¯è²·ãˆãªã„ã‘ã©çµ¶å¯¾æ¬²ã—ã„ï¼ãªâ€¦
â— ã‚³ãƒ­ãƒŠã¨ã‚³ãƒ­ãƒŠè„³ã©ã£ã¡ãŒæ€–ã„ã§â€¦
#è³ªå•ç®±â€¦ https://t.co/ZUxdvdlSyF",True,"{'hashtags': [{'text': 'è³ªå•ç®±', 'indices': [105, 109]}], 'symbols': [], 'user_mentions': [], 'urls': [{'url': 'https://t.co/ZUxdvdlSyF', 'expanded_url': 'https://twitter.com/i/web/status/1422523619997929478', 'display_url': 'twitter.com/i/web/status/1â€¦', 'indices': [111, 134]}]}","{'iso_language_code': 'ja', 'result_type': 'recent'}","<a href=""https://peing.net"" rel=""nofollow"">Peing</a>",,,,,,"{'id': 2383859929, 'id_str': '2383859929', 'name': 'monkeypod', 'screen_name': 'anjutaiboku', 'location': 'ã‚¤ãƒãƒ¼ãƒ«ã‚¡ã‚­ãƒ¼', 'description': '293å· ç•ªå·ã¯ã‚ã‚‹æ¼«ç”»å®¶ã•ã‚“é–¢ä¿‚ è‡ªé–‰ç—‡ã‚¹ãƒšã‚¯ãƒˆãƒ©ãƒ (ã‚¢ã‚¹ãƒš)ãƒœãƒ‰ã‚² æ±æ–¹ TRPG ãƒ›ãƒ¼ãƒ ãƒšãƒ¼ã‚¸ã‚„Photoshopã€illustratorã®å‹‰å¼·é ‘å¼µã‚‹', 'url': None, 'entities': {'description': {'urls': []}}, 'protected': False, 'followers_count': 171, 'friends_count': 611, 'listed_count': 1, 'created_at': 'Tue Mar 11 15:04:30 +0000 2014', 'favourites_count': 49909, 'utc_offset': None, 'time_zone': None, 'geo_enabled': False, 'verified': False, 'statuses_count': 34185, 'lang': None, 'contributors_enabled': False, 'is_translator': False, 'is_translation_enabled': False, 'profile_background_color': 'C0DEED', 'profile_background_image_url': 'http://abs.twimg.com/images/themes/theme1/bg.png', 'profile_background_image_url_https': 'https://abs.twimg.com/images/themes/theme1/bg.png', 'profile_background_tile': False, 'profile_image_url': 'http://pbs.twimg.com/profile_images/1181846047728865280/ipllIc2R_normal.jpg', 'profile_image_url_https': 'https://pbs.twimg.com/profile_images/1181846047728865280/ipllIc2R_normal.jpg', 'profile_banner_url': 'https://pbs.twimg.com/profile_banners/2383859929/1570609030', 'profile_link_color': '1DA1F2', 'profile_sidebar_border_color': 'C0DEED', 'profile_sidebar_fill_color': 'DDEEF6', 'profile_text_color': '333333', 'profile_use_background_image': True, 'has_extended_profile': True, 'default_profile': True, 'default_profile_image': False, 'following': False, 'follow_request_sent': False, 'notifications': False, 'translator_type': 'none', 'withheld_in_countries': []}",,,,,False,0,0,False,False,ja,,False,,,
5,Tue Aug 03 11:43:29 +0000 2021,1422523512749658117,1422523512749658117,"æ–°ã‚³ãƒ­ãƒŠå¯¾ç­–ã«é™ã‚‰ãšï½¤ã©ã£ã¡ã¤ã‹ãšã‚¤ãƒãƒ£ãƒ¢ãƒ³ã‚ã‚‹ã‚ã‚‹ã‚„ã­ã‡(Â´Ğ”ï½€)
ã€Œã“ã®ä¸–ã«ä¸‡äººã‚’ç´å¾—ã•ã›ã‚‹ç‰©ç­‰ã¯ã»ã¼å­˜åœ¨ã—ãªã„ã€ã¨ã¯ã„ãˆï½¤ä½•ã«ã§ã‚‚ã‚±ãƒã¤ã‘ã‚‹è¼©ã£ã¦ã‚±ãƒã ã‚¤ãƒãƒ£ãƒ¢ãƒ³ã®ãƒã‚¿ãŒæ¬¡ã‹ã‚‰æ¬¡ã«å‡ºã¦ãã‚‹è„³å†…ã£ã¦ã®ã‚‚ã‚ã‚‹æ„å‘³ã©ã‚“ã ã‘å‡ºæ¥ãŒãˆâ€¦ https://t.co/XpQ3zMm0g7",True,"{'hashtags': [], 'symbols': [], 'user_mentions': [], 'urls': [{'url': 'https://t.co/XpQ3zMm0g7', 'expanded_url': 'https://twitter.com/i/web/status/1422523512749658117', 'display_url': 'twitter.com/i/web/status/1â€¦', 'indices': [117, 140]}]}","{'iso_language_code': 'ja', 'result_type': 'recent'}","<a href=""http://twitter.com/download/android"" rel=""nofollow"">Twitter for Android</a>",,,,,,"{'id': 326260028, 'id_str': '326260028', 'name': 'ã¸ãªã€‚@æ¥½å›£ã²ã¨ã‚Šï½¡', 'screen_name': 'hs_kakurezato', 'location': 'ã¤ã„ã£ãŸã‚’ãƒ¡ãƒ¢å¸³ä»£ã‚ã‚Šã«ã—ã¡ã‚ƒã†æµæµªã®æ°‘ï½¡', 'description': 'ã€æˆäººæ¸ˆï½¡ç„¡è¨€ãƒªãƒ„ã‚¤ãƒ¼ãƒˆãƒ»ã„ã„ã­ãƒ»ãƒ•ã‚©ãƒ­ãƒ¼ã™ã‚‹äº‹ãŒã‚ã‚Šã¾ã™!ã”å®¹èµ¦ã‚’!ã€‘\næ—¥å¸¸ã®å‡ºæ¥äº‹ã«å¯¾ã™ã‚‹å¤šç¨®å¤šæ§˜ãªãƒ„ãƒƒã‚³ãƒŸã¨é¢ç™½ãƒ»æ°—ã«ãªã‚‹ãƒ»ãƒã‚«ãƒã‚¿è©±å‚™å¿˜éŒ²ï½¡\nã»ã¼å‘¨å›é…ã‚Œã®å†™çœŸæ—¥è¨˜ã¨åŒ–ã—ã¤ã¤ã‚ã‚‹ã‚¤ãƒ³ã‚¹ã‚¿ https://t.co/VeGZmFOHan', 'url': None, 'entities': {'description': {'urls': [{'url': 'https://t.co/VeGZmFOHan', 'expanded_url': 'https://www.instagram.com/henavillage_p/', 'display_url': 'instagram.com/henavillage_p/', 'indices': [98, 121]}]}}, 'protected': False, 'followers_count': 80, 'friends_count': 139, 'listed_count': 2, 'created_at': 'Wed Jun 29 16:53:57 +0000 2011', 'favourites_count': 150467, 'utc_offset': None, 'time_zone': None, 'geo_enabled': False, 'verified': False, 'statuses_count': 74622, 'lang': None, 'contributors_enabled': False, 'is_translator': False, 'is_translation_enabled': False, 'profile_background_color': '642D8B', 'profile_background_image_url': 'http://abs.twimg.com/images/themes/theme10/bg.gif', 'profile_background_image_url_https': 'https://abs.twimg.com/images/themes/theme10/bg.gif', 'profile_background_tile': True, 'profile_image_url': 'http://pbs.twimg.com/profile_images/1370644470086070272/oV8tXFNm_normal.jpg', 'profile_image_url_https': 'https://pbs.twimg.com/profile_images/1370644470086070272/oV8tXFNm_normal.jpg', 'profile_banner_url': 'https://pbs.twimg.com/profile_banners/326260028/1522854156', 'profile_link_color': 'FF0000', 'profile_sidebar_border_color': '65B0DA', 'profile_sidebar_fill_color': '7AC3EE', 'profile_text_color': '3D1957', 'profile_use_background_image': True, 'has_extended_profile': True, 'default_profile': False, 'default_profile_image': False, 'following': False, 'follow_request_sent': False, 'notifications': False, 'translator_type': 'none', 'withheld_in_countries': []}",,,,,True,0,0,False,False,ja,,False,1.422490507075195e+18,1422490507075194881,"{'created_at': 'Tue Aug 03 09:32:20 +0000 2021', 'id': 1422490507075194881, 'id_str': '1422490507075194881', 'text': 'æ”¿åºœã®ã‚¦ã‚¤ãƒ«ã‚¹å¯¾ç­–ã¯ã‚¯ã‚½ã ï¼ https://t.co/zUbwo4Hmkd', 'truncated': False, 'entities': {'hashtags': [], 'symbols': [], 'user_mentions': [], 'urls': [], 'media': [{'id': 1422490437994967042, 'id_str': '1422490437994967042', 'indices': [15, 38], 'media_url': 'http://pbs.twimg.com/media/E72zhEUUcAIkYEE.png', 'media_url_https': 'https://pbs.twimg.com/media/E72zhEUUcAIkYEE.png', 'url': 'https://t.co/zUbwo4Hmkd', 'display_url': 'pic.twitter.com/zUbwo4Hmkd', 'expanded_url': 'https://twitter.com/surumelock/status/1422490507075194881/photo/1', 'type': 'photo', 'sizes': {'large': {'w': 968, 'h': 1500, 'resize': 'fit'}, 'small': {'w': 439, 'h': 680, 'resize': 'fit'}, 'medium': {'w': 774, 'h': 1200, 'resize': 'fit'}, 'thumb': {'w': 150, 'h': 150, 'resize': 'crop'}}}]}, 'extended_entities': {'media': [{'id': 1422490437994967042, 'id_str': '1422490437994967042', 'indices': [15, 38], 'media_url': 'http://pbs.twimg.com/media/E72zhEUUcAIkYEE.png', 'media_url_https': 'https://pbs.twimg.com/media/E72zhEUUcAIkYEE.png', 'url': 'https://t.co/zUbwo4Hmkd', 'display_url': 'pic.twitter.com/zUbwo4Hmkd', 'expanded_url': 'https://twitter.com/surumelock/status/1422490507075194881/photo/1', 'type': 'photo', 'sizes': {'large': {'w': 968, 'h': 1500, 'resize': 'fit'}, 'small': {'w': 439, 'h': 680, 'resize': 'fit'}, 'medium': {'w': 774, 'h': 1200, 'resize': 'fit'}, 'thumb': {'w': 150, 'h': 150, 'resize': 'crop'}}}]}, 'metadata': {'iso_language_code': 'ja', 'result_type': 'recent'}, 'source': '<a href=""https://mobile.twitter.com"" rel=""nofollow"">Twitter Web App</a>', 'in_reply_to_status_id': None, 'in_reply_to_status_id_str': None, 'in_reply_to_user_id': None, 'in_reply_to_user_id_str': None, 'in_reply_to_screen_name': None, 'user': {'id': 618073390, 'id_str': '618073390', 'name': 'ã‚¹ãƒ«ãƒ¡ãƒ»ãƒ‡ãƒ»ãƒ©ãƒ»ãƒ­ãƒãƒ£', 'screen_name': 'surumelock', 'location': 'åŸ¼ç‰çœŒæ±ç§©çˆ¶æ‘å¥¥åœ°', 'description': 'æ¼«ç”»æã  ä»•äº‹ã®ã”ä¾é ¼ã¯DMã‹surumelock@gmail.comã‹ã‚‰ã©ã†ã ãƒ„ã‚¤ã‚³ãƒŸã§æ¼«ç”»ãŒã¾ã¨ã‚ã‚‰ã‚Œã¦ã¾ã™\u3000https://t.co/YfiVH9ExCSï¼¦ï¼¡ï¼®ï¼¢ï¼¯ï¼¸https://t.co/yTMbRmKecX ã»ã—ã„ç‰©ãƒªã‚¹ãƒˆ https://t.co/jNeCwK5nhT', 'url': 'https://t.co/MfhiBdmTOa', 'entities': {'url': {'urls': [{'url': 'https://t.co/MfhiBdmTOa', 'expanded_url': 'https://www.pixiv.net/member.php?id=14114', 'display_url': 'pixiv.net/member.php?id=â€¦', 'indices': [0, 23]}]}, 'description': {'urls': [{'url': 'https://t.co/YfiVH9ExCS', 'expanded_url': 'https://twicomi.com/author/surumelock/', 'display_url': 'twicomi.com/author/surumelâ€¦', 'indices': [59, 82]}, {'url': 'https://t.co/yTMbRmKecX', 'expanded_url': 'https://surumelock.fanbox.cc/', 'display_url': 'surumelock.fanbox.cc', 'indices': [88, 111]}, {'url': 'https://t.co/jNeCwK5nhT', 'expanded_url': 'http://amzn.asia/e3JzcrZ', 'display_url': 'amzn.asia/e3JzcrZ', 'indices': [120, 143]}]}}, 'protected': False, 'followers_count': 66907, 'friends_count': 3921, 'listed_count': 696, 'created_at': 'Mon Jun 25 12:52:38 +0000 2012', 'favourites_count': 149594, 'utc_offset': None, 'time_zone': None, 'geo_enabled': False, 'verified': False, 'statuses_count': 81481, 'lang': None, 'contributors_enabled': False, 'is_translator': False, 'is_translation_enabled': False, 'profile_background_color': 'C0DEED', 'profile_background_image_url': 'http://abs.twimg.com/images/themes/theme1/bg.png', 'profile_background_image_url_https': 'https://abs.twimg.com/images/themes/theme1/bg.png', 'profile_background_tile': False, 'profile_image_url': 'http://pbs.twimg.com/profile_images/2339642454/_____-1_normal.gif', 'profile_image_url_https': 'https://pbs.twimg.com/profile_images/2339642454/_____-1_normal.gif', 'profile_banner_url': 'https://pbs.twimg.com/profile_banners/618073390/1469946804', 'profile_link_color': '1DA1F2', 'profile_sidebar_border_color': 'C0DEED', 'profile_sidebar_fill_color': 'DDEEF6', 'profile_text_color': '333333', 'profile_use_background_image': True, 'has_extended_profile': True, 'default_profile': True, 'default_profile_image': False, 'following': False, 'follow_request_sent': False, 'notifications': False, 'translator_type': 'none', 'withheld_in_countries': []}, 'geo': None, 'coordinates': None, 'place': None, 'contributors': None, 'is_quote_status': False, 'retweet_count': 293, 'favorite_count': 654, 'favorited': False, 'retweeted': False, 'possibly_sensitive': False, 'lang': 'ja'}"
6,Tue Aug 03 11:40:38 +0000 2021,1422522798107467793,1422522798107467793,"ã€æŸ‘æ©˜é¡ã«ã‚ˆã‚‹åŠ¹æœã€‘
çš†ã•ã‚“æŸ‘æ©˜é¡ã‚’ã‚ˆãé£Ÿã¹ã¾ã™ã‹ï¼Ÿ
ç§ã¯ã¿ã‹ã‚“ãŒå¤§å¥½ãã§ã™ï¼ğŸŠ
ã€ŠæŸ‘æ©˜é¡5ã¤ã®ãƒ¡ãƒªãƒƒãƒˆã€‹
1.è„³ã®å¥åº·çŠ¶æ…‹ã®å‘ä¸Š
2.è…è‡“çµçŸ³ã®ãƒªã‚¹ã‚¯æ¸›å°‘
3.å¿ƒè‡“ã‚’å®ˆã‚‹
4.æ¶ˆåŒ–å™¨ç³»ã®ãŒã‚“ã‹ã‚‰å®ˆã‚‹
5.å…ç–«ç³»ã®åƒãã‚’åŠ©ã‘ã‚‹â€¦ https://t.co/cjgScpsIr4",True,"{'hashtags': [], 'symbols': [], 'user_mentions': [], 'urls': [{'url': 'https://t.co/cjgScpsIr4', 'expanded_url': 'https://twitter.com/i/web/status/1422522798107467793', 'display_url': 'twitter.com/i/web/status/1â€¦', 'indices': [115, 138]}]}","{'iso_language_code': 'ja', 'result_type': 'recent'}","<a href=""https://botbird.net"" rel=""nofollow"">Botbird tweets</a>",,,,,,"{'id': 1354961809401253900, 'id_str': '1354961809401253900', 'name': 'ã‚ãªãŸã®ãƒ€ã‚¤ã‚¨ãƒƒãƒˆåŠ©ã‘éšŠ@Taku', 'screen_name': 'slim_shukan', 'location': '', 'description': 'â–¶ãƒ€ã‚¤ã‚¨ãƒƒãƒˆã«é–¢ã™ã‚‹æƒ…å ±ç™ºä¿¡ä¸­ï¼\nğŸ€ãƒ€ã‚¤ã‚¨ãƒƒãƒˆã§æ‚©ã‚“ã§ã„ã‚‹äººã‚’åŠ©ã‘ãŸã„ã€‡ä¸€ç”Ÿãƒªãƒã‚¦ãƒ³ãƒ‰ã—ãªã„ã‚¹ãƒªãƒ ç¿’æ…£ã‚’ä¼æˆã—ã¾ã™ï¼\nã“ã‚“ãªæ–¹ã«ã´ã£ãŸã‚Šâ™ª\nâ– ãƒ€ã‚¤ã‚¨ãƒƒãƒˆåˆå¿ƒè€…ğŸ”°\nâ– ãƒªãƒã‚¦ãƒ³ãƒ‰å¸¸ç¿’çŠ¯ğŸ˜…\nâ– å¥åº·çš„ã«ç—©ã›ãŸã„ğŸ§˜\nã€ã‚ãªãŸã‚‚ã‚¹ãƒªãƒ ç¿’æ…£ã‚’ãƒã‚¹ã‚¿ã—ã‚ˆã†ï¼ã€\nã‚¤ãƒ³ã‚¹ã‚¿ã§ã¯ãƒ€ã‚¤ã‚¨ãƒƒãƒˆæƒ…å ±æŠ•ç¨¿\nğŸ‘‡ç—©ã›ãŸã„äººã¯ã“ãŸã‚‰ğŸ‘‡', 'url': 'https://t.co/sTh9iA2C7X', 'entities': {'url': {'urls': [{'url': 'https://t.co/sTh9iA2C7X', 'expanded_url': 'https://bit.ly/37GxFID', 'display_url': 'bit.ly/37GxFID', 'indices': [0, 23]}]}, 'description': {'urls': []}}, 'protected': False, 'followers_count': 36, 'friends_count': 62, 'listed_count': 0, 'created_at': 'Fri Jan 29 01:18:22 +0000 2021', 'favourites_count': 4, 'utc_offset': None, 'time_zone': None, 'geo_enabled': False, 'verified': False, 'statuses_count': 3668, 'lang': None, 'contributors_enabled': False, 'is_translator': False, 'is_translation_enabled': False, 'profile_background_color': 'F5F8FA', 'profile_background_image_url': None, 'profile_background_image_url_https': None, 'profile_background_tile': False, 'profile_image_url': 'http://pbs.twimg.com/profile_images/1354962440178388999/AV0tjxaz_normal.jpg', 'profile_image_url_https': 'https://pbs.twimg.com/profile_images/1354962440178388999/AV0tjxaz_normal.jpg', 'profile_banner_url': 'https://pbs.twimg.com/profile_banners/1354961809401253900/1611883253', 'profile_link_color': '1DA1F2', 'profile_sidebar_border_color': 'C0DEED', 'profile_sidebar_fill_color': 'DDEEF6', 'profile_text_color': '333333', 'profile_use_background_image': True, 'has_extended_profile': True, 'default_profile': True, 'default_profile_image': False, 'following': False, 'follow_request_sent': False, 'notifications': False, 'translator_type': 'none', 'withheld_in_countries': []}",,,,,False,0,0,False,False,ja,,,,,
7,Tue Aug 03 11:39:11 +0000 2021,1422522433114759174,1422522433114759174,ã‚³ãƒ­ãƒŠè„³ã®ã‚¯ã‚½é¦¬é¹¿å”çˆ¶ãŒãƒ¯ã‚¯ãƒãƒ³ä¸€å›ç›®æ‰“ã¤ã‚“ã§ã™ã£ã¦ã€‚ã‚ã‚Œã‹ã‚‰è‰²ã€…ã‚ã£ã¦è‰²ã€…å”åŠ›ã—ã¦æ™®é€šã«ä¼šè©±ãŒã§ãã‚‹ã¾ã§ãªã£ã¦ãŸã‚“ã§ã™ãŒã€ã“ã“ã§ã¾ãŸæ±ºåˆ¥ã§ã™ã€‚ä½•äººæ­»ã‚“ã§ã‚ˆã†ãŒæ§‹ã‚ãªã„ã€å›½ãŒå˜˜ã‚’è¨€ã£ã¦ã„ã‚‹ãªã‚‰ãã‚Œã§ã„ã„ã€æ­»ã‚“ã§ã‚‚æ§‹ã‚ãªã„ã¨ã€‚æ—©ãå¼•ã£è¶Šã—ãŸã„ã€‚,False,"{'hashtags': [], 'symbols': [], 'user_mentions': [], 'urls': []}","{'iso_language_code': 'ja', 'result_type': 'recent'}","<a href=""http://twitter.com/download/iphone"" rel=""nofollow"">Twitter for iPhone</a>",,,,,,"{'id': 1380700811827679234, 'id_str': '1380700811827679234', 'name': 'piko(å¥åº·ç‰ˆ)', 'screen_name': 'piko29372039', 'location': '', 'description': 'ä»Šã¯ä¸»ã«ãƒ¯ã‚¯ã«ã¤ã„ã¦ã®æƒ…å ±åé›†ã€è€ƒãˆäº‹ç”¨ã€‚äººã«èª¬æ˜ã™ã‚‹æ™‚ã€é©å½“ãªã“ã¨ã‚’è¨€ãˆãªã„ã®ã§ã€ãƒ‡ãƒ¼ã‚¿ã‚„äº‹å®Ÿã‚’ã¡ã‚ƒã‚“ã¨æŠŠæ¡ã—ã¦ãŠããŸã„ã®ã§ã™ã€‚ æƒ…å ±ã‚’RTã—ã¾ã™ãŒã€ã‚¹ãƒˆãƒƒã‚¯ã—ã¦å¾Œã§è€ƒãˆãŸã„æ„å‘³ã‚‚ã‚ã‚‹ã®ã§ã€çœŸå½ç­‰åˆ¤æ–­ã¯å„è‡ªã‚ˆã‚ã—ããŠé¡˜ã„ç”³ã—ä¸Šã’ã¾ã™ğŸ™‡@peacockpiko è©±ã—ã‹ã‘ã¦ä¸‹ã•ã‚Œã°ãƒ•ã‚©ãƒ­ãƒã—ã¾ã™', 'url': None, 'entities': {'description': {'urls': []}}, 'protected': False, 'followers_count': 32, 'friends_count': 40, 'listed_count': 0, 'created_at': 'Sat Apr 10 01:55:35 +0000 2021', 'favourites_count': 3697, 'utc_offset': None, 'time_zone': None, 'geo_enabled': False, 'verified': False, 'statuses_count': 1416, 'lang': None, 'contributors_enabled': False, 'is_translator': False, 'is_translation_enabled': False, 'profile_background_color': 'F5F8FA', 'profile_background_image_url': None, 'profile_background_image_url_https': None, 'profile_background_tile': False, 'profile_image_url': 'http://pbs.twimg.com/profile_images/1380703713317154818/Suo_cQBo_normal.jpg', 'profile_image_url_https': 'https://pbs.twimg.com/profile_images/1380703713317154818/Suo_cQBo_normal.jpg', 'profile_banner_url': 'https://pbs.twimg.com/profile_banners/1380700811827679234/1624528616', 'profile_link_color': '1DA1F2', 'profile_sidebar_border_color': 'C0DEED', 'profile_sidebar_fill_color': 'DDEEF6', 'profile_text_color': '333333', 'profile_use_background_image': True, 'has_extended_profile': True, 'default_profile': True, 'default_profile_image': False, 'following': False, 'follow_request_sent': False, 'notifications': False, 'translator_type': 'none', 'withheld_in_countries': []}",,,,,False,0,1,False,False,ja,,,,,
8,Tue Aug 03 11:37:14 +0000 2021,1422521940577722370,1422521940577722370,#OriHime ã‚’åºƒã‚ã‚‹æ´»å‹•ã‚’ä¸€ç·’ã«ã—ã¦ããŸç›¸æ–¹ãŒè»¢å€’ã—ã€éª¨æŠ˜ã€‚ã‚³ãƒ­ãƒŠç¦ã§é€€é™¢ã¾ã§ä¼šã†ã“ã¨ã‚‚ã§ããªã„ã€‚OriHimeã—ã‹ãªã„ã€‚ã—ã‹ã—ã€ã¾ã²ã¨é«˜æ¬¡è„³æ©Ÿèƒ½éšœå®³ãŒã‚ã‚Šã€è¤‡é›‘ãªã‚¹ãƒãƒ›ã¯æ€ã†ã‚ˆã†ã«æ‰±ãˆãªã„ã€‚ã‚‰ãã‚‰ãã‚¹ãƒãƒ›ã§OriHimeâ€¦ https://t.co/y6jh7RgNww,True,"{'hashtags': [{'text': 'OriHime', 'indices': [0, 8]}], 'symbols': [], 'user_mentions': [], 'urls': [{'url': 'https://t.co/y6jh7RgNww', 'expanded_url': 'https://twitter.com/i/web/status/1422521940577722370', 'display_url': 'twitter.com/i/web/status/1â€¦', 'indices': [116, 139]}]}","{'iso_language_code': 'ja', 'result_type': 'recent'}","<a href=""https://mobile.twitter.com"" rel=""nofollow"">Twitter Web App</a>",,,,,,"{'id': 1218061446753345538, 'id_str': '1218061446753345538', 'name': 'ã‚„ã¾ / è™¹ãã‚‰', 'screen_name': 'EUfQFaPXp1rbaDQ', 'location': 'ç¾¤é¦¬çœŒ', 'description': 'è„³å‡ºè¡€å¾Œã®é«˜æ¬¡è„³æ©Ÿèƒ½éšœå®³ã‚’æŠ±ãˆã‚‹é€£ã‚Œåˆã„ã€å¯ãŸãã‚Šã®é«˜é½¢çŠ¬(19æ­³6ã‹æœˆ)ã¨æš®ã‚‰ã—ã¦ã„ã¾ã™ã€‚ã€Œç™ºä¿¡åºƒå ´  è™¹ãã‚‰(ã«ã˜è‰²ã‚°ãƒ©ãƒ‡ãƒ¼ã‚·ãƒ§ãƒ³)ã€ã‚’ï¼’äººã§å§‹ã‚ã€YouTube å‹•ç”»ã¥ãã‚Šã€ã‚¤ãƒ™ãƒ³ãƒˆä¼ç”»ãªã©ã§ã€ã¤ãªãŒã‚Šã‚’åºƒã’ã¦ã„ã¾ã™ã€‚åˆ†èº«ãƒ­ãƒœãƒƒãƒˆã‚«ãƒ•ã‚§ã‚’å…¨åŠ›å¿œæ´ä¸­ã€‚ä»Šå¹´ã®ç›®æ¨™ã®ã²ã¨ã¤ã¯ã€çµµæœ¬ã¥ãã‚Š(æ–‡ç« ã®ã¿ã€‚çµµãŒæã‘ãªã„)ã€‚', 'url': None, 'entities': {'description': {'urls': []}}, 'protected': False, 'followers_count': 346, 'friends_count': 916, 'listed_count': 2, 'created_at': 'Fri Jan 17 06:45:03 +0000 2020', 'favourites_count': 157, 'utc_offset': None, 'time_zone': None, 'geo_enabled': False, 'verified': False, 'statuses_count': 135, 'lang': None, 'contributors_enabled': False, 'is_translator': False, 'is_translation_enabled': False, 'profile_background_color': 'F5F8FA', 'profile_background_image_url': None, 'profile_background_image_url_https': None, 'profile_background_tile': False, 'profile_image_url': 'http://pbs.twimg.com/profile_images/1218064254483386368/KX5UfXn2_normal.jpg', 'profile_image_url_https': 'https://pbs.twimg.com/profile_images/1218064254483386368/KX5UfXn2_normal.jpg', 'profile_banner_url': 'https://pbs.twimg.com/profile_banners/1218061446753345538/1579594782', 'profile_link_color': '1DA1F2', 'profile_sidebar_border_color': 'C0DEED', 'profile_sidebar_fill_color': 'DDEEF6', 'profile_text_color': '333333', 'profile_use_background_image': True, 'has_extended_profile': False, 'default_profile': True, 'default_profile_image': False, 'following': False, 'follow_request_sent': False, 'notifications': False, 'translator_type': 'none', 'withheld_in_countries': []}",,,,,False,0,1,False,False,ja,,False,,,
9,Tue Aug 03 11:36:43 +0000 2021,1422521808926871552,1422521808926871552,"ï¼®ã‚¹ã‚¿ã®ã‚­ãƒ£ã‚¹ã‚¿ãƒ¼å›ºã¾ã‚‰ã›ãŸã€æ€’ã‚Šã®ç™ºè¨€ã€Œå€‰æŒå…ˆç”Ÿã€ãŒãƒˆãƒ¬ãƒ³ãƒ‰ï¼‘ä½(æ—¥åˆŠã‚¹ãƒãƒ¼ãƒ„)
#Yahooãƒ‹ãƒ¥ãƒ¼ã‚¹
https://t.co/BIaxaAhHFI ãƒ¢ãƒãƒ¢ãƒğŸ¤£ğŸ¤£1ä½ğŸ¤£ğŸ¤£ãã—ã¦ã‚³ãƒ­ãƒŠè„³ã‹ã‚‰ã¾ãŸæ”¯æŒã•ã‚Œã‚‹ã®ã­ğŸ¤£ğŸ¤£ğŸ”¥ğŸ”¥",False,"{'hashtags': [{'text': 'Yahooãƒ‹ãƒ¥ãƒ¼ã‚¹', 'indices': [42, 52]}], 'symbols': [], 'user_mentions': [], 'urls': [{'url': 'https://t.co/BIaxaAhHFI', 'expanded_url': 'https://news.yahoo.co.jp/articles/9c3ea75baecacc9011703ea377a1c01ef55ec105', 'display_url': 'news.yahoo.co.jp/articles/9c3eaâ€¦', 'indices': [53, 76]}]}","{'iso_language_code': 'ja', 'result_type': 'recent'}","<a href=""http://twitter.com/download/iphone"" rel=""nofollow"">Twitter for iPhone</a>",,,,,,"{'id': 1354068222400577537, 'id_str': '1354068222400577537', 'name': 'Kureo', 'screen_name': 'Ana_____aaa', 'location': '', 'description': 'æ•£ã‚‰ã°ã£ãŸæ—¥æœ¬äººã®å¿ƒå–ã‚Šæˆ»ã™ğŸ’ªğŸ˜ãƒ¯ã‚¯ãƒãƒ³âŒæ€ªã—ã„äººæ¥ãªã„ã§ğŸ‘Šå®‡å®™è»ã®è©±ã¯å˜˜ã ãâœ‹æ—¥æœ¬ã¯ä¸€ä½“ãªã«ï¼Ÿæ—¥æœ¬äººã£ã¦ä½•ï¼Ÿï¼Ÿã“ã®ã‚¢ã‚«ã¯ã€‚ã€‚ä¸æ€è­°ãªä¸–ç•Œã‚’è¦‹ã¤ã‚ã¦ã„ã¾ã™ğŸ˜ğŸ’«ğŸ˜ æ„Ÿã˜æ‚ªã„æ³¢å‹•ã®ä½ã„ã‚³ãƒ¡ãƒ³ãƒˆç„¡è¦–ã—ã¾ã™ğŸŒå®‡å®™é€£é‚¦Nã¨Aã®ã‚³ãƒ³ãƒ“å¢å˜˜æœ‰ã‚ŠâŒã€‚ã€‚ã€‚æ—¥æœ¬ğŸ‡¯ğŸ‡µJapanã€‚ã€‚ã€‚ğŸå¤±ã‚ã‚ŒãŸãƒ‘ãƒ³å¤§é™¸ğŸ', 'url': None, 'entities': {'description': {'urls': []}}, 'protected': False, 'followers_count': 474, 'friends_count': 541, 'listed_count': 7, 'created_at': 'Tue Jan 26 14:06:51 +0000 2021', 'favourites_count': 1444, 'utc_offset': None, 'time_zone': None, 'geo_enabled': False, 'verified': False, 'statuses_count': 12344, 'lang': None, 'contributors_enabled': False, 'is_translator': False, 'is_translation_enabled': False, 'profile_background_color': 'F5F8FA', 'profile_background_image_url': None, 'profile_background_image_url_https': None, 'profile_background_tile': False, 'profile_image_url': 'http://pbs.twimg.com/profile_images/1409411316305907715/KtHAuESz_normal.jpg', 'profile_image_url_https': 'https://pbs.twimg.com/profile_images/1409411316305907715/KtHAuESz_normal.jpg', 'profile_banner_url': 'https://pbs.twimg.com/profile_banners/1354068222400577537/1625323064', 'profile_link_color': '1DA1F2', 'profile_sidebar_border_color': 'C0DEED', 'profile_sidebar_fill_color': 'DDEEF6', 'profile_text_color': '333333', 'profile_use_background_image': True, 'has_extended_profile': True, 'default_profile': True, 'default_profile_image': False, 'following': False, 'follow_request_sent': False, 'notifications': False, 'translator_type': 'none', 'withheld_in_countries': []}",,,,,False,0,1,False,False,ja,,False,,,
10,Tue Aug 03 11:36:27 +0000 2021,1422521744967962627,1422521744967962627,ã‚¤ãƒ¡ãƒ‡ã‚£ã‚¹ã§æ¯æœˆã‚³ãƒ­ãƒŠæŠ—ä½“ãƒã‚§ãƒƒã‚¯ã‚’ã—ã¦ã„ãŸæ–¹ãŒï¼ˆæ¯å›é™°æ€§ï¼‰1å›ç›®ã®ğŸ’‰æ¥ç¨®ã—ã¦2é€±é–“å¾Œã«ãƒã‚§ãƒƒã‚¯ã—ãŸã‚‰ã€æŠ—ä½“ï¼‹ã«ãªã£ã¦ã„ã¾ã—ãŸã€‚åŠ ãˆã¦ã€å¿ƒè‡“ã€è…è‡“ã€è„³ã«ç‚ç—‡åå¿œã‚‚å‡ºã¦ã„ã‚‹ã¨åŒ»å¸«ã«è¨€ã‚ã‚ŒãŸãã†ã§ã™ã€‚,False,"{'hashtags': [], 'symbols': [], 'user_mentions': [], 'urls': []}","{'iso_language_code': 'ja', 'result_type': 'recent'}","<a href=""http://twitter.com/download/iphone"" rel=""nofollow"">Twitter for iPhone</a>",,,,,,"{'id': 927099977339305984, 'id_str': '927099977339305984', 'name': 'rinko', 'screen_name': 'aPs0kmtbz104Q7r', 'location': '', 'description': 'è¨ªå•çœ‹è­·å¸«ã‚’ã—ã¦ã„ã¾ã™ã€‚å—…è¦šåå¿œåˆ†æå£«ã€ãƒŠãƒ¼ãƒ‰ã‚¸ãƒ£ãƒ‘ãƒ³ã‚¢ãƒ­ãƒãƒ†ãƒ©ãƒ”ãƒ¼ã‚¢ãƒ‰ãƒã‚¤ã‚¶ãƒ¼ã§ã™ã€‚é¦¬ãŒå¤§å¥½ãã€ç¾å½¹ã‚’å¼•é€€ã—ãŸç«¶èµ°é¦¬ã®æ”¯æ´ã‚’è¡Œãªã£ã¦ã„ã¾ã™ã€‚', 'url': None, 'entities': {'description': {'urls': []}}, 'protected': False, 'followers_count': 603, 'friends_count': 424, 'listed_count': 4, 'created_at': 'Sun Nov 05 09:07:14 +0000 2017', 'favourites_count': 78353, 'utc_offset': None, 'time_zone': None, 'geo_enabled': False, 'verified': False, 'statuses_count': 12305, 'lang': None, 'contributors_enabled': False, 'is_translator': False, 'is_translation_enabled': False, 'profile_background_color': 'F5F8FA', 'profile_background_image_url': None, 'profile_background_image_url_https': None, 'profile_background_tile': False, 'profile_image_url': 'http://pbs.twimg.com/profile_images/1419264208575729667/a3A-nZlO_normal.jpg', 'profile_image_url_https': 'https://pbs.twimg.com/profile_images/1419264208575729667/a3A-nZlO_normal.jpg', 'profile_banner_url': 'https://pbs.twimg.com/profile_banners/927099977339305984/1626003201', 'profile_link_color': '1DA1F2', 'profile_sidebar_border_color': 'C0DEED', 'profile_sidebar_fill_color': 'DDEEF6', 'profile_text_color': '333333', 'profile_use_background_image': True, 'has_extended_profile': False, 'default_profile': True, 'default_profile_image': False, 'following': False, 'follow_request_sent': False, 'notifications': False, 'translator_type': 'none', 'withheld_in_countries': []}",,,,,False,0,0,False,False,ja,,,,,
11,Tue Aug 03 11:35:48 +0000 2021,1422521578428928007,1422521578428928007,ä»Šã‹ã‚‰ã€æ¥½ã—ã¿ã‚„ğŸ˜ä»Šå¾Œï¼•å¹´ä»¥å†…ã«ã€æ çå°„ã£ãŸã‚³ãƒ­ãƒŠè„³ãŒæ¶ˆãˆå¤±ã›ãŸå¾Œã®ä¸–ã®ä¸­ã¨è·å ´ãŒğŸ˜†,False,"{'hashtags': [], 'symbols': [], 'user_mentions': [], 'urls': []}","{'iso_language_code': 'ja', 'result_type': 'recent'}","<a href=""http://twitter.com/download/android"" rel=""nofollow"">Twitter for Android</a>",,,,,,"{'id': 781467081552203776, 'id_str': '781467081552203776', 'name': 'ã—ã‚“ã„ã¡â˜ªç™½ç›®ã®ç¥æ§˜', 'screen_name': '93_shinichi', 'location': 'ãƒ•ã‚§ã‚¤ã‚¯ãƒ»ãƒªã‚¢ãƒªãƒ†ã‚£ã€æ–°å‹ã‚³ãƒ­ãƒŠã¯éç§‘å­¦ã€ä¸Šå°¾å¸‚', 'description': 'ã›ã¤èœâ˜†ã‚¹ã‚«ãƒ¼ãƒ¬ãƒƒãƒˆã‚¹ãƒˆãƒ¼ãƒ ğŸ”¥ğŸƒ/ğŸ’“âš¡Electric RC carğŸš—ã€ğŸš²Road bikeã€ğŸ®Japanese PubğŸº/Team Associated RC10B74/TLR22 5.0 DC Race Roller/Pinarello RAZHA/Cannondale Quick3\u3000\u3000\u3000\u3000\u3000\u3000\u3000', 'url': 'https://t.co/MlEKXC71HC', 'entities': {'url': {'urls': [{'url': 'https://t.co/MlEKXC71HC', 'expanded_url': 'http://Instagram.com/shinichi.gt7', 'display_url': 'Instagram.com/shinichi.gt7', 'indices': [0, 23]}]}, 'description': {'urls': []}}, 'protected': False, 'followers_count': 39, 'friends_count': 79, 'listed_count': 0, 'created_at': 'Thu Sep 29 12:14:06 +0000 2016', 'favourites_count': 7992, 'utc_offset': None, 'time_zone': None, 'geo_enabled': False, 'verified': False, 'statuses_count': 1694, 'lang': None, 'contributors_enabled': False, 'is_translator': False, 'is_translation_enabled': False, 'profile_background_color': 'F5F8FA', 'profile_background_image_url': None, 'profile_background_image_url_https': None, 'profile_background_tile': False, 'profile_image_url': 'http://pbs.twimg.com/profile_images/786877466430222337/yiJvkczC_normal.jpg', 'profile_image_url_https': 'https://pbs.twimg.com/profile_images/786877466430222337/yiJvkczC_normal.jpg', 'profile_banner_url': 'https://pbs.twimg.com/profile_banners/781467081552203776/1615714365', 'profile_link_color': '1DA1F2', 'profile_sidebar_border_color': 'C0DEED', 'profile_sidebar_fill_color': 'DDEEF6', 'profile_text_color': '333333', 'profile_use_background_image': True, 'has_extended_profile': True, 'default_profile': True, 'default_profile_image': False, 'following': False, 'follow_request_sent': False, 'notifications': False, 'translator_type': 'none', 'withheld_in_countries': []}",,,,,False,0,0,False,False,ja,,,,,
12,Tue Aug 03 11:33:32 +0000 2021,1422521007672156166,1422521007672156166,ã‚³ãƒ­ãƒŠè„³ãŒè¨€ã†ã€Œå‘½ã‚’å®ˆã‚‹è¡Œå‹•ï¼ˆç¬‘ï¼‰ã€å…¨ã¦ã«åã™ã‚‹ã‚ˆã†ãªç”Ÿæ´»ã‚’ã—ã¦ã‚‹ã‘ã©ãªã‹ãªã‹æ­»ãªãªãã¦å›°ã£ã¦ã‚‹ã‚ˆãƒ¼ãˆãƒ¼ã‚“,False,"{'hashtags': [], 'symbols': [], 'user_mentions': [], 'urls': []}","{'iso_language_code': 'ja', 'result_type': 'recent'}","<a href=""http://twitter.com/download/iphone"" rel=""nofollow"">Twitter for iPhone</a>",,,,,,"{'id': 1353717200079654922, 'id_str': '1353717200079654922', 'name': 'ğŸ’¤', 'screen_name': 'AETE_SANMITSU', 'location': 'æ‹…å½“ã¯æƒ³åƒã«ãŠã¾ã‹ã›ã—ã¾ã™', 'description': 'æ­»ãªãªã„ãŸã‚ã«ç”Ÿãã¦ã‚‹ã‚“ã˜ã‚ƒãªã„ï¼', 'url': None, 'entities': {'description': {'urls': []}}, 'protected': False, 'followers_count': 35, 'friends_count': 33, 'listed_count': 0, 'created_at': 'Mon Jan 25 14:51:54 +0000 2021', 'favourites_count': 317, 'utc_offset': None, 'time_zone': None, 'geo_enabled': False, 'verified': False, 'statuses_count': 395, 'lang': None, 'contributors_enabled': False, 'is_translator': False, 'is_translation_enabled': False, 'profile_background_color': 'F5F8FA', 'profile_background_image_url': None, 'profile_background_image_url_https': None, 'profile_background_tile': False, 'profile_image_url': 'http://pbs.twimg.com/profile_images/1353954669073063936/ljXLzm4x_normal.jpg', 'profile_image_url_https': 'https://pbs.twimg.com/profile_images/1353954669073063936/ljXLzm4x_normal.jpg', 'profile_link_color': '1DA1F2', 'profile_sidebar_border_color': 'C0DEED', 'profile_sidebar_fill_color': 'DDEEF6', 'profile_text_color': '333333', 'profile_use_background_image': True, 'has_extended_profile': True, 'default_profile': True, 'default_profile_image': False, 'following': False, 'follow_request_sent': False, 'notifications': False, 'translator_type': 'none', 'withheld_in_countries': []}",,,,,False,0,3,False,False,ja,,,,,
13,Tue Aug 03 11:32:52 +0000 2021,1422520839979765766,1422520839979765766,"ã‚³ãƒ­ãƒŠã§ã©ã“ã‚‚éŠã³ã«è¡Œã‘ãªã„ã‘ã©éŠã³ãŸã„ã¨æ€ã‚ãªã„ã®åˆ¥ã«å›°ã£ã¦ãªã„ã®
å‡ºã‹ã‘ã‚‹ã®ã¯è©¦åˆã‹ã‚¢ã‚¤ã‚¹ã‚·ãƒ§ãƒ¼ã ã‘ã©æœ€è¿‘ã¯ãƒ†ãƒ¬ãƒ“ã§æº€è¶³ã—ã¦ã‚‹ãƒ†ãƒ¬ãƒ“ã‚’è¦‹ã¦æœ¬ç‰©è¦‹ãŸè¨˜æ†¶ã‚’ã‚ªãƒ¼ãƒãƒ¼ãƒ©ãƒƒãƒ—ã•ã›ã¦è„³å†…ã§å¤‰æ›ã—ã¦ã‚ãŸã‹ã‚‚æœ¬ç‰©è¦‹ã¦ã„ã‚‹ã‚ˆã†ã«ã™ã‚‹ ãã‚“ãªç™–ãŒã¤ã„ã¦ããŸ
ãŸã å°æ¹¾ã«è¡Œãç¾å‘³ã—ã„ã‚‚ã®é£Ÿã¹ãŸã„ï¼",False,"{'hashtags': [], 'symbols': [], 'user_mentions': [], 'urls': []}","{'iso_language_code': 'ja', 'result_type': 'recent'}","<a href=""http://twitter.com/download/iphone"" rel=""nofollow"">Twitter for iPhone</a>",,,,,,"{'id': 3301251527, 'id_str': '3301251527', 'name': 'yuzuã¡ã‚ƒã‚“ã¾ã‚“ï¼ˆå…¨åŠ›å¿œæ´ï¼‰', 'screen_name': 'yuzutyanman', 'location': '', 'description': 'ç¾½ç”Ÿé¸æ‰‹å…¨åŠ›å¿œæ´ğŸ“£å…¨å“¡å¿œæ´ã§ã¯ã‚ã‚Šã¾ã›ã‚“ éŸ³æ¥½å°ç”°å’Œæ­£ ä½“æ“ã‚³ãƒãƒãƒå¥½ã æ­£ã—ã„ é–“é•ã£ã¦ã‚‹ã¨æ€ã†äº‹ã¯ã£ãã‚Šè¨€ã†ã‚¿ã‚¤ãƒ— ãŠä¸–è¾è¨€ã†ã®è‹¦æ‰‹ğŸ’¦å»ºç¯‰å£« å»ºç¯‰æ–½å·¥ç®¡ç†æŠ€å£« ä»‹è­·ç¦ç¥‰å£« ç”·æ€§ç¤¾ä¼šã§å­¤è»å¥®é—˜ ç¾½ç”Ÿå›ã®é ‘å¼µã‚ã‚Šãã®ç§ğŸ‘·\u200dâ™€ï¸ãƒ„ã‚¤ã¯ãƒ‰Sã§ç”·ã£ã½ã„ã‹ãªç†±ããªã‚Šãã¤ã„æ™‚ã‚ã‚ŠğŸ™‡\u200dâ™€ï¸ç„¡è¨€ãƒ•ã‚©ãƒ­ãƒ¼ãŠè¨±ã—ä¸‹ã•ã„ğŸ™‡\u200dâ™€ï¸', 'url': None, 'entities': {'description': {'urls': []}}, 'protected': False, 'followers_count': 797, 'friends_count': 776, 'listed_count': 3, 'created_at': 'Thu May 28 04:03:20 +0000 2015', 'favourites_count': 23409, 'utc_offset': None, 'time_zone': None, 'geo_enabled': False, 'verified': False, 'statuses_count': 10003, 'lang': None, 'contributors_enabled': False, 'is_translator': False, 'is_translation_enabled': False, 'profile_background_color': '000000', 'profile_background_image_url': 'http://abs.twimg.com/images/themes/theme1/bg.png', 'profile_background_image_url_https': 'https://abs.twimg.com/images/themes/theme1/bg.png', 'profile_background_tile': False, 'profile_image_url': 'http://pbs.twimg.com/profile_images/1294408868055769088/SW1MfTw9_normal.jpg', 'profile_image_url_https': 'https://pbs.twimg.com/profile_images/1294408868055769088/SW1MfTw9_normal.jpg', 'profile_banner_url': 'https://pbs.twimg.com/profile_banners/3301251527/1526305990', 'profile_link_color': '91D2FA', 'profile_sidebar_border_color': '000000', 'profile_sidebar_fill_color': '000000', 'profile_text_color': '000000', 'profile_use_background_image': False, 'has_extended_profile': False, 'default_profile': False, 'default_profile_image': False, 'following': False, 'follow_request_sent': False, 'notifications': False, 'translator_type': 'none', 'withheld_in_countries': []}",,,,,False,0,3,False,False,ja,,,,,
14,Tue Aug 03 11:32:14 +0000 2021,1422520681485508637,1422520681485508637,"è¦ªãŒã‚³ãƒ­ãƒŠè„³ã™ãã¦æ®´ã‚‰ã‚ŒãŸã‚“ã ãŒwwww

è­¦å¯Ÿï¼Ÿ",False,"{'hashtags': [], 'symbols': [], 'user_mentions': [], 'urls': []}","{'iso_language_code': 'ja', 'result_type': 'recent'}","<a href=""http://theworld09.com"" rel=""nofollow"">TheWorld iOS</a>",,,,,,"{'id': 565342110, 'id_str': '565342110', 'name': 'âœ\u30007\u3000å·\u3000æ©Ÿ\u3000âœ', 'screen_name': '7_7__7_', 'location': 'ã„ã®ã‚Šã¾ã¡', 'description': 'ã‚¢ãƒ‹ãƒ¡æƒ…å ±ã‚µã‚¤ãƒˆã€ã«ã˜ã ã‚‰ã€ç®¡ç†äºº/è©³ã—ã•ã‚’é‡è¦–ã—ãŸã€ã‚¢ãƒ‹ãƒ¡å¥½ãã«æœ‰ç›Šãªæƒ…å ±ã‚’æä¾›ã™ã‚‹ã“ã¨ã‚’ç›®æ¨™ã«ã—ã¦ã„ã¾ã™ã€‚/è¦æœ›ç­‰ã¯DMã¾ãŸã¯ contact@nizidara.com ã«ãƒ¡ãƒ¼ãƒ«ã‚’ãŠé¡˜ã„ã—ã¾ã™/ãƒ‹ãƒ¼ãƒˆæ­´6å¹´ç›®ãƒ»ç‹­ç¾©ã®ã²ãã“ã‚‚ã‚Šæ­´2å¹´ç›® #PrayForKyoani', 'url': 'https://t.co/GrwT9lRlC8', 'entities': {'url': {'urls': [{'url': 'https://t.co/GrwT9lRlC8', 'expanded_url': 'https://nizidara.com/', 'display_url': 'nizidara.com', 'indices': [0, 23]}]}, 'description': {'urls': []}}, 'protected': False, 'followers_count': 9576, 'friends_count': 2747, 'listed_count': 78, 'created_at': 'Sat Apr 28 08:02:07 +0000 2012', 'favourites_count': 56028, 'utc_offset': None, 'time_zone': None, 'geo_enabled': False, 'verified': False, 'statuses_count': 150983, 'lang': None, 'contributors_enabled': False, 'is_translator': False, 'is_translation_enabled': False, 'profile_background_color': '000000', 'profile_background_image_url': 'http://abs.twimg.com/images/themes/theme4/bg.gif', 'profile_background_image_url_https': 'https://abs.twimg.com/images/themes/theme4/bg.gif', 'profile_background_tile': False, 'profile_image_url': 'http://pbs.twimg.com/profile_images/703164927700180992/5jF7KVp4_normal.jpg', 'profile_image_url_https': 'https://pbs.twimg.com/profile_images/703164927700180992/5jF7KVp4_normal.jpg', 'profile_banner_url': 'https://pbs.twimg.com/profile_banners/565342110/1609428754', 'profile_link_color': '981CEB', 'profile_sidebar_border_color': '000000', 'profile_sidebar_fill_color': '000000', 'profile_text_color': '000000', 'profile_use_background_image': False, 'has_extended_profile': False, 'default_profile': False, 'default_profile_image': False, 'following': False, 'follow_request_sent': False, 'notifications': False, 'translator_type': 'none', 'withheld_in_countries': []}",,,,,False,0,0,False,False,ja,,,,,
15,Tue Aug 03 11:31:58 +0000 2021,1422520615269900289,1422520615269900289,"ã¿ã‚“ãªã‹ã‚‰ã®åŒ¿åè³ªå•ã‚’å‹Ÿé›†ä¸­ï¼

ã“ã‚“ãªè³ªå•ã«ç­”ãˆã¦ã‚‹ã‚ˆ
â— ã„ã¤ã‹ã‚‰éŸ³æ¥½ã‚„ã£ã¦ã‚‹ã‚“ã§ã™ã‹ï¼Ÿâ€¦
â— ã—ã‚…ã‚“ãã‚“ã¯ã©ã‚Œãã‚‰ã„äººé–“ãªã‚“â€¦
â— ä»Šã¾ã§èª°ã«ã‚‚è¨€ã£ã¦ãªã„ç§˜å¯†ã‚’æ•™â€¦
â— ã‚³ãƒ­ãƒŠã¨ã‚³ãƒ­ãƒŠè„³ã©ã£ã¡ãŒæ€–ã„ã§â€¦
#è³ªå•ç®±â€¦ https://t.co/mQFQ3Wsba2",True,"{'hashtags': [{'text': 'è³ªå•ç®±', 'indices': [105, 109]}], 'symbols': [], 'user_mentions': [], 'urls': [{'url': 'https://t.co/mQFQ3Wsba2', 'expanded_url': 'https://twitter.com/i/web/status/1422520615269900289', 'display_url': 'twitter.com/i/web/status/1â€¦', 'indices': [111, 134]}]}","{'iso_language_code': 'ja', 'result_type': 'recent'}","<a href=""https://peing.net"" rel=""nofollow"">Peing</a>",,,,,,"{'id': 135928502, 'id_str': '135928502', 'name': 'shun', 'screen_name': 'shunsuke1978', 'location': 'é™å²¡å¸‚è‘µåŒº', 'description': 'Qualia Special Edit CAST C,S&K Across Generationsã§ãƒ™ãƒ¼ã‚¹å¼¾ã„ã¦ã¾ã™ çŒ«ã®åå‰ã¯ã¿ã‚“ã¿ã‚“ ã™ã¿ã‚„å‘‰æœç”ºåº—ã€è—¤æåº—ãƒ™ãƒ¼ã‚¹è¬›å¸« éŸ³æ¥½å¤©å›½é§¿æ²³åº—è‰è–™åº—è—¤æåº—ç­‰ã§ã‚‚é–‹è¬›ä¸­\u3000å€‹äººãƒ¬ãƒƒã‚¹ãƒ³ã‚„ã‚ªãƒ³ãƒ©ã‚¤ãƒ³ãƒ¬ãƒƒã‚¹ãƒ³ã‚‚å—ä»˜ä¸­\u3000ãŠæ°—è»½ã«DMã©ã†ã', 'url': None, 'entities': {'description': {'urls': []}}, 'protected': False, 'followers_count': 302, 'friends_count': 264, 'listed_count': 14, 'created_at': 'Thu Apr 22 15:28:22 +0000 2010', 'favourites_count': 8151, 'utc_offset': None, 'time_zone': None, 'geo_enabled': False, 'verified': False, 'statuses_count': 16974, 'lang': None, 'contributors_enabled': False, 'is_translator': False, 'is_translation_enabled': False, 'profile_background_color': '750407', 'profile_background_image_url': 'http://abs.twimg.com/images/themes/theme20/bg.png', 'profile_background_image_url_https': 'https://abs.twimg.com/images/themes/theme20/bg.png', 'profile_background_tile': False, 'profile_image_url': 'http://pbs.twimg.com/profile_images/1352991553145376776/sQAw_ENe_normal.jpg', 'profile_image_url_https': 'https://pbs.twimg.com/profile_images/1352991553145376776/sQAw_ENe_normal.jpg', 'profile_banner_url': 'https://pbs.twimg.com/profile_banners/135928502/1394422437', 'profile_link_color': 'BF1238', 'profile_sidebar_border_color': 'FFFFFF', 'profile_sidebar_fill_color': 'EFEFEF', 'profile_text_color': '1F1D1D', 'profile_use_background_image': True, 'has_extended_profile': True, 'default_profile': False, 'default_profile_image': False, 'following': False, 'follow_request_sent': False, 'notifications': False, 'translator_type': 'none', 'withheld_in_countries': []}",,,,,False,0,0,False,False,ja,,False,,,
16,Tue Aug 03 11:31:54 +0000 2021,1422520597272137730,1422520597272137730,"ã‚ã®ãƒ¯ã‚¯ãƒãƒ³æ€ªã—ããªã„ï¼Ÿ

ãã†ã„ãˆã°ã‚ã‚Œã€æ²»é¨“ä¸­ã£ã¦çŸ¥ã£ã¦ãŸï¼Ÿ

ãˆã€çŸ¥ã‚‰ã‚“ã‹ã£ãŸã‚ˆ

æ²»é¨“ä¸­ã ã‹ã‚‰ä½•ãŒã‚ã‚‹ã‹ã‚ã‹ã‚‰ãªã„ãƒ­ã‚·ã‚¢ãƒ«ãƒ¼ãƒ¬ãƒƒãƒˆã¿ãŸã„ã«å½“ãŸã‚‹ã¨æ­»ã¬ã‚‰ã—ã„

ã©ã†ã›å½“ãŸã‚‰ãªã„ã‚ˆï¼

ãã‚Œã‚ˆã‚ŠÎ”æ ªãƒ¤ãƒã‚¤ã£ã¦

ãã†ã ã‚ˆã­ã‚„â€¦ https://t.co/zA73jrAMZb",True,"{'hashtags': [], 'symbols': [], 'user_mentions': [], 'urls': [{'url': 'https://t.co/zA73jrAMZb', 'expanded_url': 'https://twitter.com/i/web/status/1422520597272137730', 'display_url': 'twitter.com/i/web/status/1â€¦', 'indices': [117, 140]}]}","{'iso_language_code': 'ja', 'result_type': 'recent'}","<a href=""http://twitter.com/download/android"" rel=""nofollow"">Twitter for Android</a>",,,,,,"{'id': 1355678659135250432, 'id_str': '1355678659135250432', 'name': 'è« åå¯¾æ„è¦‹ã®äººãŒã„ã¡ã„ã¡å¼•ç”¨ã—ãŸã‚‰å³ãƒ–ãƒ­ãƒƒã‚¯ã—ã¦æ™’ã—ã¾ã™ã­ã€‚', 'screen_name': 'OAXhWc8zrj9EM3U', 'location': '', 'description': 'ãƒ ã‚«ã¤ãå¼•ç”¨ã™ã‚‹ã‚„ã¤å³ãƒ–ãƒ­ãƒƒã‚¯ã—ã¦æ™’ã™ã‹ã‚‰é–¢ã‚ã£ã¦ãã‚‹ãªã‚ˆã€‚ãããƒ ã‚«ã¤ãã€‚ãƒã‚¹ã‚¯ã‚’å–ã‚Œãªã„äº‹æƒ…ãŒã‚ã‚‹æ–¹ã«ã¯ã‚­ãƒ„ã„ã¨æ€ã†ã®ã§ãƒ–ãƒ­ãƒƒã‚¯æ¨å¥¨ã§ã™ï¼\n\nãƒ¯ã‚¯ãƒãƒ³åå¯¾ï¼\n\nå£ãŒæ‚ªã„ã§ã™ãŒã‚ã‹ã‚‰ãšå±‹ã«ã‚¤ãƒ©ã‚¤ãƒ©ã—ã¡ã‚ƒã†ã ã‘ã§ã™ã€‚\n\nã“ã‚ã„ã¨æ€ã£ãŸã‚‰ãƒ–ãƒ­ãƒƒã‚¯ã—ã¦ã­ã€‚\nãƒ„ã‚¤ãƒ¼ãƒˆé »åº¦é«˜ãã¦ãƒ ã‚«ã¤ãã¨ãŠã‚‚ã†ã‹ã‚‰ã€‚\næ™®é€šã®ä¸»å©¦ã§ã™ã‚ˆã€‚', 'url': None, 'entities': {'description': {'urls': []}}, 'protected': False, 'followers_count': 1018, 'friends_count': 1060, 'listed_count': 13, 'created_at': 'Sun Jan 31 00:46:55 +0000 2021', 'favourites_count': 77734, 'utc_offset': None, 'time_zone': None, 'geo_enabled': False, 'verified': False, 'statuses_count': 67923, 'lang': None, 'contributors_enabled': False, 'is_translator': False, 'is_translation_enabled': False, 'profile_background_color': 'F5F8FA', 'profile_background_image_url': None, 'profile_background_image_url_https': None, 'profile_background_tile': False, 'profile_image_url': 'http://pbs.twimg.com/profile_images/1398996812787195904/kmBLdWaZ_normal.jpg', 'profile_image_url_https': 'https://pbs.twimg.com/profile_images/1398996812787195904/kmBLdWaZ_normal.jpg', 'profile_link_color': '1DA1F2', 'profile_sidebar_border_color': 'C0DEED', 'profile_sidebar_fill_color': 'DDEEF6', 'profile_text_color': '333333', 'profile_use_background_image': True, 'has_extended_profile': True, 'default_profile': True, 'default_profile_image': False, 'following': False, 'follow_request_sent': False, 'notifications': False, 'translator_type': 'none', 'withheld_in_countries': []}",,,,,False,1,2,False,False,ja,,,,,
17,Tue Aug 03 11:31:41 +0000 2021,1422520544595902464,1422520544595902464,"ã‚³ãƒ­ãƒŠè„³ã£ã¦ã™ãã«ã€Œè‡ªç²›ã—ãªã„å¥´ã¯ã‚³ãƒ­ãƒŠã«ãªã£ã¦æ­»ã­ï¼ã€ã¨ã‹è¨€ã£ã¦ãã‚‹ã‘ã©ã„ã¤ã«ãªã£ãŸã‚‰ã‚³ãƒ­ãƒŠï¼ˆç¬‘ï¼‰ã«ãªã£ã¦æ­»ã­ã‚‹ã‚“ã ã‚ã†ã­w
ãã‚“ãªã«æ¥½ã«æ­»ã­ã‚‹ãªã‚‰ãªã£ã¦ã¿ãŸã„ãªãƒ¼
ã‚‚ã†ç–²ã‚ŒãŸã‚‚ã‚“ã‚³ãƒ­ãƒŠ""è„³""ç¦ã«
åˆ¥ã«ã‚³ãƒ­ãƒƒã¨æ­»ã‚“ã§ã‚‚æ§‹ã‚ã‚“ã‘ã©â€¦ https://t.co/1p1fmsxANv",True,"{'hashtags': [], 'symbols': [], 'user_mentions': [], 'urls': [{'url': 'https://t.co/1p1fmsxANv', 'expanded_url': 'https://twitter.com/i/web/status/1422520544595902464', 'display_url': 'twitter.com/i/web/status/1â€¦', 'indices': [117, 140]}]}","{'iso_language_code': 'ja', 'result_type': 'recent'}","<a href=""http://twitter.com/download/iphone"" rel=""nofollow"">Twitter for iPhone</a>",,,,,,"{'id': 1353717200079654922, 'id_str': '1353717200079654922', 'name': 'ğŸ’¤', 'screen_name': 'AETE_SANMITSU', 'location': 'æ‹…å½“ã¯æƒ³åƒã«ãŠã¾ã‹ã›ã—ã¾ã™', 'description': 'æ­»ãªãªã„ãŸã‚ã«ç”Ÿãã¦ã‚‹ã‚“ã˜ã‚ƒãªã„ï¼', 'url': None, 'entities': {'description': {'urls': []}}, 'protected': False, 'followers_count': 35, 'friends_count': 33, 'listed_count': 0, 'created_at': 'Mon Jan 25 14:51:54 +0000 2021', 'favourites_count': 317, 'utc_offset': None, 'time_zone': None, 'geo_enabled': False, 'verified': False, 'statuses_count': 395, 'lang': None, 'contributors_enabled': False, 'is_translator': False, 'is_translation_enabled': False, 'profile_background_color': 'F5F8FA', 'profile_background_image_url': None, 'profile_background_image_url_https': None, 'profile_background_tile': False, 'profile_image_url': 'http://pbs.twimg.com/profile_images/1353954669073063936/ljXLzm4x_normal.jpg', 'profile_image_url_https': 'https://pbs.twimg.com/profile_images/1353954669073063936/ljXLzm4x_normal.jpg', 'profile_link_color': '1DA1F2', 'profile_sidebar_border_color': 'C0DEED', 'profile_sidebar_fill_color': 'DDEEF6', 'profile_text_color': '333333', 'profile_use_background_image': True, 'has_extended_profile': True, 'default_profile': True, 'default_profile_image': False, 'following': False, 'follow_request_sent': False, 'notifications': False, 'translator_type': 'none', 'withheld_in_countries': []}",,,,,False,0,2,False,False,ja,,,,,
18,Tue Aug 03 11:30:37 +0000 2021,1422520275367731201,1422520275367731201,æ–°å‹ã‚³ãƒ­ãƒŠã€è»½ç—‡ã§ã‚‚è„³ã«æå‚·ã®æã‚Œ è‹±ç ”ç©¶ https://t.co/S9peaa0AKl,False,"{'hashtags': [], 'symbols': [], 'user_mentions': [], 'urls': [{'url': 'https://t.co/S9peaa0AKl', 'expanded_url': 'https://www.afpbb.com/articles/-/3292883', 'display_url': 'afpbb.com/articles/-/329â€¦', 'indices': [22, 45]}]}","{'iso_language_code': 'ja', 'result_type': 'recent'}","<a href=""http://twitter.com/download/android"" rel=""nofollow"">Twitter for Android</a>",,,,,,"{'id': 1414365246957899785, 'id_str': '1414365246957899785', 'name': 'Î Ï…ÏÎ±Î¼Î¯Î´Î± Ï„Î¿Ï… Khafre', 'screen_name': 'Uryu12124869', 'location': '', 'description': '', 'url': None, 'entities': {'description': {'urls': []}}, 'protected': False, 'followers_count': 0, 'friends_count': 1, 'listed_count': 0, 'created_at': 'Sun Jul 11 23:26:21 +0000 2021', 'favourites_count': 2, 'utc_offset': None, 'time_zone': None, 'geo_enabled': False, 'verified': False, 'statuses_count': 45, 'lang': None, 'contributors_enabled': False, 'is_translator': False, 'is_translation_enabled': False, 'profile_background_color': 'F5F8FA', 'profile_background_image_url': None, 'profile_background_image_url_https': None, 'profile_background_tile': False, 'profile_image_url': 'http://pbs.twimg.com/profile_images/1421909615814471683/s4coK9mz_normal.jpg', 'profile_image_url_https': 'https://pbs.twimg.com/profile_images/1421909615814471683/s4coK9mz_normal.jpg', 'profile_banner_url': 'https://pbs.twimg.com/profile_banners/1414365246957899785/1627844645', 'profile_link_color': '1DA1F2', 'profile_sidebar_border_color': 'C0DEED', 'profile_sidebar_fill_color': 'DDEEF6', 'profile_text_color': '333333', 'profile_use_background_image': True, 'has_extended_profile': True, 'default_profile': True, 'default_profile_image': False, 'following': False, 'follow_request_sent': False, 'notifications': False, 'translator_type': 'none', 'withheld_in_countries': []}",,,,,False,0,0,False,False,ja,,False,,,
19,Tue Aug 03 11:29:57 +0000 2021,1422520108803526668,1422520108803526668,è‹±ã®ç ”ç©¶ãƒãƒ¼ãƒ ã€æ–°å‹ã‚³ãƒ­ãƒŠã§è„³æå‚·ãŒèµ·ãã‚‹å¯èƒ½æ€§æŒ‡æ‘˜ | Article [AMP] | Reuters https://t.co/9I1gGaiTEZ,False,"{'hashtags': [], 'symbols': [], 'user_mentions': [], 'urls': [{'url': 'https://t.co/9I1gGaiTEZ', 'expanded_url': 'https://jp.reuters.com/article/health-coronavirus-brains-idJPKBN2490RH', 'display_url': 'jp.reuters.com/article/healthâ€¦', 'indices': [53, 76]}]}","{'iso_language_code': 'ja', 'result_type': 'recent'}","<a href=""http://twitter.com/download/android"" rel=""nofollow"">Twitter for Android</a>",,,,,,"{'id': 1414365246957899785, 'id_str': '1414365246957899785', 'name': 'Î Ï…ÏÎ±Î¼Î¯Î´Î± Ï„Î¿Ï… Khafre', 'screen_name': 'Uryu12124869', 'location': '', 'description': '', 'url': None, 'entities': {'description': {'urls': []}}, 'protected': False, 'followers_count': 0, 'friends_count': 1, 'listed_count': 0, 'created_at': 'Sun Jul 11 23:26:21 +0000 2021', 'favourites_count': 2, 'utc_offset': None, 'time_zone': None, 'geo_enabled': False, 'verified': False, 'statuses_count': 45, 'lang': None, 'contributors_enabled': False, 'is_translator': False, 'is_translation_enabled': False, 'profile_background_color': 'F5F8FA', 'profile_background_image_url': None, 'profile_background_image_url_https': None, 'profile_background_tile': False, 'profile_image_url': 'http://pbs.twimg.com/profile_images/1421909615814471683/s4coK9mz_normal.jpg', 'profile_image_url_https': 'https://pbs.twimg.com/profile_images/1421909615814471683/s4coK9mz_normal.jpg', 'profile_banner_url': 'https://pbs.twimg.com/profile_banners/1414365246957899785/1627844645', 'profile_link_color': '1DA1F2', 'profile_sidebar_border_color': 'C0DEED', 'profile_sidebar_fill_color': 'DDEEF6', 'profile_text_color': '333333', 'profile_use_background_image': True, 'has_extended_profile': True, 'default_profile': True, 'default_profile_image': False, 'following': False, 'follow_request_sent': False, 'notifications': False, 'translator_type': 'none', 'withheld_in_countries': []}",,,,,False,0,0,False,False,ja,,False,,,
